accrual_month,amount_usd,due_date,due_month,payable_id,remaining_usd,scenario,source_id,unit
1,113000.0000,2027-02-28,2,AP-base-1-ESS-FACILITY-VENDORS,0.0000,base,base-01-COST-ESS-FACILITY-VENDORS,corporate
1,2400.0000,2027-02-28,2,AP-base-1-HOSTING-FF-001,0.0000,base,base-01-COST-HOSTING-FF-001,foundry-field
1,3000.0000,2027-02-28,2,AP-base-1-HOSTING-FF-002,0.0000,base,base-01-COST-HOSTING-FF-002,foundry-field
1,3600.0000,2027-02-28,2,AP-base-1-HOSTING-FF-003,0.0000,base,base-01-COST-HOSTING-FF-003,foundry-field
1,1800.0000,2027-02-28,2,AP-base-1-HOSTING-FF-004,0.0000,base,base-01-COST-HOSTING-FF-004,foundry-field
1,2400.0000,2027-02-28,2,AP-base-1-HOSTING-FF-005,0.0000,base,base-01-COST-HOSTING-FF-005,foundry-field
1,3000.0000,2027-02-28,2,AP-base-1-HOSTING-FF-006,0.0000,base,base-01-COST-HOSTING-FF-006,foundry-field
1,3600.0000,2027-02-28,2,AP-base-1-HOSTING-FF-007,0.0000,base,base-01-COST-HOSTING-FF-007,foundry-field
1,1800.0000,2027-02-28,2,AP-base-1-HOSTING-FF-008,0.0000,base,base-01-COST-HOSTING-FF-008,foundry-field
1,2400.0000,2027-02-28,2,AP-base-1-HOSTING-FF-009,0.0000,base,base-01-COST-HOSTING-FF-009,foundry-field
1,3000.0000,2027-02-28,2,AP-base-1-HOSTING-FF-010,0.0000,base,base-01-COST-HOSTING-FF-010,foundry-field
1,3600.0000,2027-02-28,2,AP-base-1-HOSTING-FF-011,0.0000,base,base-01-COST-HOSTING-FF-011,foundry-field
1,1800.0000,2027-02-28,2,AP-base-1-HOSTING-FF-012,0.0000,base,base-01-COST-HOSTING-FF-012,foundry-field
1,2400.0000,2027-02-28,2,AP-base-1-HOSTING-FF-013,0.0000,base,base-01-COST-HOSTING-FF-013,foundry-field
1,3000.0000,2027-02-28,2,AP-base-1-HOSTING-FF-014,0.0000,base,base-01-COST-HOSTING-FF-014,foundry-field
1,3600.0000,2027-02-28,2,AP-base-1-HOSTING-FF-015,0.0000,base,base-01-COST-HOSTING-FF-015,foundry-field
1,1800.0000,2027-02-28,2,AP-base-1-HOSTING-FF-016,0.0000,base,base-01-COST-HOSTING-FF-016,foundry-field
1,2400.0000,2027-02-28,2,AP-base-1-HOSTING-FF-017,0.0000,base,base-01-COST-HOSTING-FF-017,foundry-field
1,3000.0000,2027-02-28,2,AP-base-1-HOSTING-FF-018,0.0000,base,base-01-COST-HOSTING-FF-018,foundry-field
1,3600.0000,2027-02-28,2,AP-base-1-HOSTING-FF-019,0.0000,base,base-01-COST-HOSTING-FF-019,foundry-field
1,1800.0000,2027-02-28,2,AP-base-1-HOSTING-FF-020,0.0000,base,base-01-COST-HOSTING-FF-020,foundry-field
1,2400.0000,2027-02-28,2,AP-base-1-HOSTING-FF-021,0.0000,base,base-01-COST-HOSTING-FF-021,foundry-field
1,3000.0000,2027-02-28,2,AP-base-1-HOSTING-FF-022,0.0000,base,base-01-COST-HOSTING-FF-022,foundry-field
1,3600.0000,2027-02-28,2,AP-base-1-HOSTING-FF-023,0.0000,base,base-01-COST-HOSTING-FF-023,foundry-field
1,1800.0000,2027-02-28,2,AP-base-1-HOSTING-FF-024,0.0000,base,base-01-COST-HOSTING-FF-024,foundry-field
1,2400.0000,2027-02-28,2,AP-base-1-HOSTING-FF-025,0.0000,base,base-01-COST-HOSTING-FF-025,foundry-field
1,3000.0000,2027-02-28,2,AP-base-1-HOSTING-FF-026,0.0000,base,base-01-COST-HOSTING-FF-026,foundry-field
1,3600.0000,2027-02-28,2,AP-base-1-HOSTING-FF-027,0.0000,base,base-01-COST-HOSTING-FF-027,foundry-field
1,1800.0000,2027-02-28,2,AP-base-1-HOSTING-FF-028,0.0000,base,base-01-COST-HOSTING-FF-028,foundry-field
1,2400.0000,2027-02-28,2,AP-base-1-HOSTING-FF-029,0.0000,base,base-01-COST-HOSTING-FF-029,foundry-field
1,3000.0000,2027-02-28,2,AP-base-1-HOSTING-FF-030,0.0000,base,base-01-COST-HOSTING-FF-030,foundry-field
1,3600.0000,2027-02-28,2,AP-base-1-HOSTING-FF-031,0.0000,base,base-01-COST-HOSTING-FF-031,foundry-field
1,1800.0000,2027-02-28,2,AP-base-1-HOSTING-FF-032,0.0000,base,base-01-COST-HOSTING-FF-032,foundry-field
1,2400.0000,2027-02-28,2,AP-base-1-HOSTING-FF-033,0.0000,base,base-01-COST-HOSTING-FF-033,foundry-field
1,3000.0000,2027-02-28,2,AP-base-1-HOSTING-FF-034,0.0000,base,base-01-COST-HOSTING-FF-034,foundry-field
1,3600.0000,2027-02-28,2,AP-base-1-HOSTING-FF-035,0.0000,base,base-01-COST-HOSTING-FF-035,foundry-field
1,1800.0000,2027-02-28,2,AP-base-1-HOSTING-FF-036,0.0000,base,base-01-COST-HOSTING-FF-036,foundry-field
1,1400.0000,2027-02-28,2,AP-base-1-HOSTING-ATL-LIC-001,0.0000,base,base-01-COST-HOSTING-ATL-LIC-001,atlas-meridian
1,1400.0000,2027-02-28,2,AP-base-1-HOSTING-ATL-LIC-013,0.0000,base,base-01-COST-HOSTING-ATL-LIC-013,atlas-meridian
1,9000.0000,2027-02-28,2,AP-base-1-WIL-VIBRATION,0.0000,base,base-01-COST-WIL-VIBRATION,willow
1,7000.0000,2027-02-28,2,AP-base-1-WIL-RF-FIELD,0.0000,base,base-01-COST-WIL-RF-FIELD,willow
1,18000.0000,2027-02-28,2,AP-base-1-WIL-CHEMISTRY,0.0000,base,base-01-COST-WIL-CHEMISTRY,willow
1,4500.0000,2027-02-28,2,AP-base-1-WIL-INTERFACE,0.0000,base,base-01-COST-WIL-INTERFACE,willow
1,8580.0000,2027-02-28,2,AP-base-1-PROCESS-STREAM17-base-01,0.0000,base,base-01-COST-PROCESS-STREAM17-base-01,project-cradle
1,18500.0000,2027-02-28,2,AP-base-1-PROCESS-DEMOTTE-base-01,0.0000,base,base-01-COST-PROCESS-DEMOTTE-base-01,project-cradle
2,113000.0000,2027-03-31,3,AP-base-2-ESS-FACILITY-VENDORS,0.0000,base,base-02-COST-ESS-FACILITY-VENDORS,corporate
2,2400.0000,2027-03-31,3,AP-base-2-HOSTING-FF-001,0.0000,base,base-02-COST-HOSTING-FF-001,foundry-field
2,3000.0000,2027-03-31,3,AP-base-2-HOSTING-FF-002,0.0000,base,base-02-COST-HOSTING-FF-002,foundry-field
2,3600.0000,2027-03-31,3,AP-base-2-HOSTING-FF-003,0.0000,base,base-02-COST-HOSTING-FF-003,foundry-field
2,1800.0000,2027-03-31,3,AP-base-2-HOSTING-FF-004,0.0000,base,base-02-COST-HOSTING-FF-004,foundry-field
2,2400.0000,2027-03-31,3,AP-base-2-HOSTING-FF-005,0.0000,base,base-02-COST-HOSTING-FF-005,foundry-field
2,3000.0000,2027-03-31,3,AP-base-2-HOSTING-FF-006,0.0000,base,base-02-COST-HOSTING-FF-006,foundry-field
2,3600.0000,2027-03-31,3,AP-base-2-HOSTING-FF-007,0.0000,base,base-02-COST-HOSTING-FF-007,foundry-field
2,1800.0000,2027-03-31,3,AP-base-2-HOSTING-FF-008,0.0000,base,base-02-COST-HOSTING-FF-008,foundry-field
2,2400.0000,2027-03-31,3,AP-base-2-HOSTING-FF-009,0.0000,base,base-02-COST-HOSTING-FF-009,foundry-field
2,3000.0000,2027-03-31,3,AP-base-2-HOSTING-FF-010,0.0000,base,base-02-COST-HOSTING-FF-010,foundry-field
2,3600.0000,2027-03-31,3,AP-base-2-HOSTING-FF-011,0.0000,base,base-02-COST-HOSTING-FF-011,foundry-field
2,1800.0000,2027-03-31,3,AP-base-2-HOSTING-FF-012,0.0000,base,base-02-COST-HOSTING-FF-012,foundry-field
2,2400.0000,2027-03-31,3,AP-base-2-HOSTING-FF-013,0.0000,base,base-02-COST-HOSTING-FF-013,foundry-field
2,3000.0000,2027-03-31,3,AP-base-2-HOSTING-FF-014,0.0000,base,base-02-COST-HOSTING-FF-014,foundry-field
2,3600.0000,2027-03-31,3,AP-base-2-HOSTING-FF-015,0.0000,base,base-02-COST-HOSTING-FF-015,foundry-field
2,1800.0000,2027-03-31,3,AP-base-2-HOSTING-FF-016,0.0000,base,base-02-COST-HOSTING-FF-016,foundry-field
2,2400.0000,2027-03-31,3,AP-base-2-HOSTING-FF-017,0.0000,base,base-02-COST-HOSTING-FF-017,foundry-field
2,3000.0000,2027-03-31,3,AP-base-2-HOSTING-FF-018,0.0000,base,base-02-COST-HOSTING-FF-018,foundry-field
2,3600.0000,2027-03-31,3,AP-base-2-HOSTING-FF-019,0.0000,base,base-02-COST-HOSTING-FF-019,foundry-field
2,1800.0000,2027-03-31,3,AP-base-2-HOSTING-FF-020,0.0000,base,base-02-COST-HOSTING-FF-020,foundry-field
2,2400.0000,2027-03-31,3,AP-base-2-HOSTING-FF-021,0.0000,base,base-02-COST-HOSTING-FF-021,foundry-field
2,3000.0000,2027-03-31,3,AP-base-2-HOSTING-FF-022,0.0000,base,base-02-COST-HOSTING-FF-022,foundry-field
2,3600.0000,2027-03-31,3,AP-base-2-HOSTING-FF-023,0.0000,base,base-02-COST-HOSTING-FF-023,foundry-field
2,1800.0000,2027-03-31,3,AP-base-2-HOSTING-FF-024,0.0000,base,base-02-COST-HOSTING-FF-024,foundry-field
2,2400.0000,2027-03-31,3,AP-base-2-HOSTING-FF-025,0.0000,base,base-02-COST-HOSTING-FF-025,foundry-field
2,3000.0000,2027-03-31,3,AP-base-2-HOSTING-FF-026,0.0000,base,base-02-COST-HOSTING-FF-026,foundry-field
2,3600.0000,2027-03-31,3,AP-base-2-HOSTING-FF-027,0.0000,base,base-02-COST-HOSTING-FF-027,foundry-field
2,1800.0000,2027-03-31,3,AP-base-2-HOSTING-FF-028,0.0000,base,base-02-COST-HOSTING-FF-028,foundry-field
2,2400.0000,2027-03-31,3,AP-base-2-HOSTING-FF-029,0.0000,base,base-02-COST-HOSTING-FF-029,foundry-field
2,3000.0000,2027-03-31,3,AP-base-2-HOSTING-FF-030,0.0000,base,base-02-COST-HOSTING-FF-030,foundry-field
2,3600.0000,2027-03-31,3,AP-base-2-HOSTING-FF-031,0.0000,base,base-02-COST-HOSTING-FF-031,foundry-field
2,1800.0000,2027-03-31,3,AP-base-2-HOSTING-FF-032,0.0000,base,base-02-COST-HOSTING-FF-032,foundry-field
2,2400.0000,2027-03-31,3,AP-base-2-HOSTING-FF-033,0.0000,base,base-02-COST-HOSTING-FF-033,foundry-field
2,3000.0000,2027-03-31,3,AP-base-2-HOSTING-FF-034,0.0000,base,base-02-COST-HOSTING-FF-034,foundry-field
2,3600.0000,2027-03-31,3,AP-base-2-HOSTING-FF-035,0.0000,base,base-02-COST-HOSTING-FF-035,foundry-field
2,1800.0000,2027-03-31,3,AP-base-2-HOSTING-FF-036,0.0000,base,base-02-COST-HOSTING-FF-036,foundry-field
2,1400.0000,2027-03-31,3,AP-base-2-HOSTING-ATL-LIC-001,0.0000,base,base-02-COST-HOSTING-ATL-LIC-001,atlas-meridian
2,1600.0000,2027-03-31,3,AP-base-2-HOSTING-ATL-LIC-002,0.0000,base,base-02-COST-HOSTING-ATL-LIC-002,atlas-meridian
2,1400.0000,2027-03-31,3,AP-base-2-HOSTING-ATL-LIC-013,0.0000,base,base-02-COST-HOSTING-ATL-LIC-013,atlas-meridian
2,1600.0000,2027-03-31,3,AP-base-2-HOSTING-ATL-LIC-014,0.0000,base,base-02-COST-HOSTING-ATL-LIC-014,atlas-meridian
2,2100.0000,2027-03-31,3,AP-base-2-TRAVEL-ADV-2027-01-scope-and-diagnosis,0.0000,base,base-02-COST-TRAVEL-ADV-2027-01-scope-and-diagnosis,advisory
2,8550.0000,2027-03-31,3,AP-base-2-COMPUTE-ATL-2027-01-evaluated-workflow,0.0000,base,base-02-COST-COMPUTE-ATL-2027-01-evaluated-workflow,atlas-meridian
2,9000.0000,2027-03-31,3,AP-base-2-WIL-VIBRATION,0.0000,base,base-02-COST-WIL-VIBRATION,willow
2,7000.0000,2027-03-31,3,AP-base-2-WIL-RF-FIELD,0.0000,base,base-02-COST-WIL-RF-FIELD,willow
2,18000.0000,2027-03-31,3,AP-base-2-WIL-CHEMISTRY,0.0000,base,base-02-COST-WIL-CHEMISTRY,willow
2,4500.0000,2027-03-31,3,AP-base-2-WIL-INTERFACE,0.0000,base,base-02-COST-WIL-INTERFACE,willow
2,8580.0000,2027-03-31,3,AP-base-2-PROCESS-STREAM17-base-02,0.0000,base,base-02-COST-PROCESS-STREAM17-base-02,project-cradle
2,18500.0000,2027-03-31,3,AP-base-2-PROCESS-DEMOTTE-base-02,0.0000,base,base-02-COST-PROCESS-DEMOTTE-base-02,project-cradle
2,3979.8000,2027-03-31,3,AP-base-2-FREIGHT-STREAM17-base-01,0.0000,base,base-02-COST-FREIGHT-STREAM17-base-01,project-cradle
3,113000.0000,2027-04-30,4,AP-base-3-ESS-FACILITY-VENDORS,0.0000,base,base-03-COST-ESS-FACILITY-VENDORS,corporate
3,2400.0000,2027-04-30,4,AP-base-3-HOSTING-FF-001,0.0000,base,base-03-COST-HOSTING-FF-001,foundry-field
3,3000.0000,2027-04-30,4,AP-base-3-HOSTING-FF-002,0.0000,base,base-03-COST-HOSTING-FF-002,foundry-field
3,3600.0000,2027-04-30,4,AP-base-3-HOSTING-FF-003,0.0000,base,base-03-COST-HOSTING-FF-003,foundry-field
3,1800.0000,2027-04-30,4,AP-base-3-HOSTING-FF-004,0.0000,base,base-03-COST-HOSTING-FF-004,foundry-field
3,2400.0000,2027-04-30,4,AP-base-3-HOSTING-FF-005,0.0000,base,base-03-COST-HOSTING-FF-005,foundry-field
3,3000.0000,2027-04-30,4,AP-base-3-HOSTING-FF-006,0.0000,base,base-03-COST-HOSTING-FF-006,foundry-field
3,3600.0000,2027-04-30,4,AP-base-3-HOSTING-FF-007,0.0000,base,base-03-COST-HOSTING-FF-007,foundry-field
3,1800.0000,2027-04-30,4,AP-base-3-HOSTING-FF-008,0.0000,base,base-03-COST-HOSTING-FF-008,foundry-field
3,2400.0000,2027-04-30,4,AP-base-3-HOSTING-FF-009,0.0000,base,base-03-COST-HOSTING-FF-009,foundry-field
3,3000.0000,2027-04-30,4,AP-base-3-HOSTING-FF-010,0.0000,base,base-03-COST-HOSTING-FF-010,foundry-field
3,3600.0000,2027-04-30,4,AP-base-3-HOSTING-FF-011,0.0000,base,base-03-COST-HOSTING-FF-011,foundry-field
3,1800.0000,2027-04-30,4,AP-base-3-HOSTING-FF-012,0.0000,base,base-03-COST-HOSTING-FF-012,foundry-field
3,2400.0000,2027-04-30,4,AP-base-3-HOSTING-FF-013,0.0000,base,base-03-COST-HOSTING-FF-013,foundry-field
3,3000.0000,2027-04-30,4,AP-base-3-HOSTING-FF-014,0.0000,base,base-03-COST-HOSTING-FF-014,foundry-field
3,3600.0000,2027-04-30,4,AP-base-3-HOSTING-FF-015,0.0000,base,base-03-COST-HOSTING-FF-015,foundry-field
3,1800.0000,2027-04-30,4,AP-base-3-HOSTING-FF-016,0.0000,base,base-03-COST-HOSTING-FF-016,foundry-field
3,2400.0000,2027-04-30,4,AP-base-3-HOSTING-FF-017,0.0000,base,base-03-COST-HOSTING-FF-017,foundry-field
3,3000.0000,2027-04-30,4,AP-base-3-HOSTING-FF-018,0.0000,base,base-03-COST-HOSTING-FF-018,foundry-field
3,3600.0000,2027-04-30,4,AP-base-3-HOSTING-FF-019,0.0000,base,base-03-COST-HOSTING-FF-019,foundry-field
3,1800.0000,2027-04-30,4,AP-base-3-HOSTING-FF-020,0.0000,base,base-03-COST-HOSTING-FF-020,foundry-field
3,2400.0000,2027-04-30,4,AP-base-3-HOSTING-FF-021,0.0000,base,base-03-COST-HOSTING-FF-021,foundry-field
3,3000.0000,2027-04-30,4,AP-base-3-HOSTING-FF-022,0.0000,base,base-03-COST-HOSTING-FF-022,foundry-field
3,3600.0000,2027-04-30,4,AP-base-3-HOSTING-FF-023,0.0000,base,base-03-COST-HOSTING-FF-023,foundry-field
3,1800.0000,2027-04-30,4,AP-base-3-HOSTING-FF-024,0.0000,base,base-03-COST-HOSTING-FF-024,foundry-field
3,2400.0000,2027-04-30,4,AP-base-3-HOSTING-FF-025,0.0000,base,base-03-COST-HOSTING-FF-025,foundry-field
3,3000.0000,2027-04-30,4,AP-base-3-HOSTING-FF-026,0.0000,base,base-03-COST-HOSTING-FF-026,foundry-field
3,3600.0000,2027-04-30,4,AP-base-3-HOSTING-FF-027,0.0000,base,base-03-COST-HOSTING-FF-027,foundry-field
3,1800.0000,2027-04-30,4,AP-base-3-HOSTING-FF-028,0.0000,base,base-03-COST-HOSTING-FF-028,foundry-field
3,2400.0000,2027-04-30,4,AP-base-3-HOSTING-FF-029,0.0000,base,base-03-COST-HOSTING-FF-029,foundry-field
3,3000.0000,2027-04-30,4,AP-base-3-HOSTING-FF-030,0.0000,base,base-03-COST-HOSTING-FF-030,foundry-field
3,3600.0000,2027-04-30,4,AP-base-3-HOSTING-FF-031,0.0000,base,base-03-COST-HOSTING-FF-031,foundry-field
3,1800.0000,2027-04-30,4,AP-base-3-HOSTING-FF-032,0.0000,base,base-03-COST-HOSTING-FF-032,foundry-field
3,2400.0000,2027-04-30,4,AP-base-3-HOSTING-FF-033,0.0000,base,base-03-COST-HOSTING-FF-033,foundry-field
3,3000.0000,2027-04-30,4,AP-base-3-HOSTING-FF-034,0.0000,base,base-03-COST-HOSTING-FF-034,foundry-field
3,3600.0000,2027-04-30,4,AP-base-3-HOSTING-FF-035,0.0000,base,base-03-COST-HOSTING-FF-035,foundry-field
3,1800.0000,2027-04-30,4,AP-base-3-HOSTING-FF-036,0.0000,base,base-03-COST-HOSTING-FF-036,foundry-field
3,1400.0000,2027-04-30,4,AP-base-3-HOSTING-ATL-LIC-001,0.0000,base,base-03-COST-HOSTING-ATL-LIC-001,atlas-meridian
3,1600.0000,2027-04-30,4,AP-base-3-HOSTING-ATL-LIC-002,0.0000,base,base-03-COST-HOSTING-ATL-LIC-002,atlas-meridian
3,1800.0000,2027-04-30,4,AP-base-3-HOSTING-ATL-LIC-003,0.0000,base,base-03-COST-HOSTING-ATL-LIC-003,atlas-meridian
3,1400.0000,2027-04-30,4,AP-base-3-HOSTING-ATL-LIC-013,0.0000,base,base-03-COST-HOSTING-ATL-LIC-013,atlas-meridian
3,1600.0000,2027-04-30,4,AP-base-3-HOSTING-ATL-LIC-014,0.0000,base,base-03-COST-HOSTING-ATL-LIC-014,atlas-meridian
3,1800.0000,2027-04-30,4,AP-base-3-HOSTING-ATL-LIC-015,0.0000,base,base-03-COST-HOSTING-ATL-LIC-015,atlas-meridian
3,4830.0000,2027-04-30,4,AP-base-3-TRAVEL-ADV-2027-01-workflow-acceptance,0.0000,base,base-03-COST-TRAVEL-ADV-2027-01-workflow-acceptance,advisory
3,2520.0000,2027-04-30,4,AP-base-3-TRAVEL-ADV-2027-02-scope-and-diagnosis,0.0000,base,base-03-COST-TRAVEL-ADV-2027-02-scope-and-diagnosis,advisory
3,5040.0000,2027-04-30,4,AP-base-3-TRAVEL-ADV-2027-02-workflow-acceptance,0.0000,base,base-03-COST-TRAVEL-ADV-2027-02-workflow-acceptance,advisory
3,2940.0000,2027-04-30,4,AP-base-3-TRAVEL-ADV-2027-03-scope-and-diagnosis,0.0000,base,base-03-COST-TRAVEL-ADV-2027-03-scope-and-diagnosis,advisory
3,3360.0000,2027-04-30,4,AP-base-3-TRAVEL-ADV-2027-04-scope-and-diagnosis,0.0000,base,base-03-COST-TRAVEL-ADV-2027-04-scope-and-diagnosis,advisory
3,8550.0000,2027-04-30,4,AP-base-3-COMPUTE-ATL-2027-02-evaluated-workflow,0.0000,base,base-03-COST-COMPUTE-ATL-2027-02-evaluated-workflow,atlas-meridian
3,9000.0000,2027-04-30,4,AP-base-3-WIL-VIBRATION,0.0000,base,base-03-COST-WIL-VIBRATION,willow
3,7000.0000,2027-04-30,4,AP-base-3-WIL-RF-FIELD,0.0000,base,base-03-COST-WIL-RF-FIELD,willow
3,18000.0000,2027-04-30,4,AP-base-3-WIL-CHEMISTRY,0.0000,base,base-03-COST-WIL-CHEMISTRY,willow
3,4500.0000,2027-04-30,4,AP-base-3-WIL-INTERFACE,0.0000,base,base-03-COST-WIL-INTERFACE,willow
3,8580.0000,2027-04-30,4,AP-base-3-PROCESS-STREAM17-base-03,0.0000,base,base-03-COST-PROCESS-STREAM17-base-03,project-cradle
3,4625.0000,2027-04-30,4,AP-base-3-PROCESS-DEMOTTE-base-03,0.0000,base,base-03-COST-PROCESS-DEMOTTE-base-03,project-cradle
3,3979.8000,2027-04-30,4,AP-base-3-FREIGHT-STREAM17-base-02,0.0000,base,base-03-COST-FREIGHT-STREAM17-base-02,project-cradle
4,113000.0000,2027-05-31,5,AP-base-4-ESS-FACILITY-VENDORS,0.0000,base,base-04-COST-ESS-FACILITY-VENDORS,corporate
4,2400.0000,2027-05-31,5,AP-base-4-HOSTING-FF-001,0.0000,base,base-04-COST-HOSTING-FF-001,foundry-field
4,3000.0000,2027-05-31,5,AP-base-4-HOSTING-FF-002,0.0000,base,base-04-COST-HOSTING-FF-002,foundry-field
4,3600.0000,2027-05-31,5,AP-base-4-HOSTING-FF-003,0.0000,base,base-04-COST-HOSTING-FF-003,foundry-field
4,1800.0000,2027-05-31,5,AP-base-4-HOSTING-FF-004,0.0000,base,base-04-COST-HOSTING-FF-004,foundry-field
4,2400.0000,2027-05-31,5,AP-base-4-HOSTING-FF-005,0.0000,base,base-04-COST-HOSTING-FF-005,foundry-field
4,3000.0000,2027-05-31,5,AP-base-4-HOSTING-FF-006,0.0000,base,base-04-COST-HOSTING-FF-006,foundry-field
4,3600.0000,2027-05-31,5,AP-base-4-HOSTING-FF-007,0.0000,base,base-04-COST-HOSTING-FF-007,foundry-field
4,1800.0000,2027-05-31,5,AP-base-4-HOSTING-FF-008,0.0000,base,base-04-COST-HOSTING-FF-008,foundry-field
4,2400.0000,2027-05-31,5,AP-base-4-HOSTING-FF-009,0.0000,base,base-04-COST-HOSTING-FF-009,foundry-field
4,3000.0000,2027-05-31,5,AP-base-4-HOSTING-FF-010,0.0000,base,base-04-COST-HOSTING-FF-010,foundry-field
4,3600.0000,2027-05-31,5,AP-base-4-HOSTING-FF-011,0.0000,base,base-04-COST-HOSTING-FF-011,foundry-field
4,1800.0000,2027-05-31,5,AP-base-4-HOSTING-FF-012,0.0000,base,base-04-COST-HOSTING-FF-012,foundry-field
4,2400.0000,2027-05-31,5,AP-base-4-HOSTING-FF-013,0.0000,base,base-04-COST-HOSTING-FF-013,foundry-field
4,3000.0000,2027-05-31,5,AP-base-4-HOSTING-FF-014,0.0000,base,base-04-COST-HOSTING-FF-014,foundry-field
4,3600.0000,2027-05-31,5,AP-base-4-HOSTING-FF-015,0.0000,base,base-04-COST-HOSTING-FF-015,foundry-field
4,1800.0000,2027-05-31,5,AP-base-4-HOSTING-FF-016,0.0000,base,base-04-COST-HOSTING-FF-016,foundry-field
4,2400.0000,2027-05-31,5,AP-base-4-HOSTING-FF-017,0.0000,base,base-04-COST-HOSTING-FF-017,foundry-field
4,3000.0000,2027-05-31,5,AP-base-4-HOSTING-FF-018,0.0000,base,base-04-COST-HOSTING-FF-018,foundry-field
4,3600.0000,2027-05-31,5,AP-base-4-HOSTING-FF-019,0.0000,base,base-04-COST-HOSTING-FF-019,foundry-field
4,1800.0000,2027-05-31,5,AP-base-4-HOSTING-FF-020,0.0000,base,base-04-COST-HOSTING-FF-020,foundry-field
4,2400.0000,2027-05-31,5,AP-base-4-HOSTING-FF-021,0.0000,base,base-04-COST-HOSTING-FF-021,foundry-field
4,3000.0000,2027-05-31,5,AP-base-4-HOSTING-FF-022,0.0000,base,base-04-COST-HOSTING-FF-022,foundry-field
4,3600.0000,2027-05-31,5,AP-base-4-HOSTING-FF-023,0.0000,base,base-04-COST-HOSTING-FF-023,foundry-field
4,1800.0000,2027-05-31,5,AP-base-4-HOSTING-FF-024,0.0000,base,base-04-COST-HOSTING-FF-024,foundry-field
4,2400.0000,2027-05-31,5,AP-base-4-HOSTING-FF-025,0.0000,base,base-04-COST-HOSTING-FF-025,foundry-field
4,3000.0000,2027-05-31,5,AP-base-4-HOSTING-FF-026,0.0000,base,base-04-COST-HOSTING-FF-026,foundry-field
4,3600.0000,2027-05-31,5,AP-base-4-HOSTING-FF-027,0.0000,base,base-04-COST-HOSTING-FF-027,foundry-field
4,1800.0000,2027-05-31,5,AP-base-4-HOSTING-FF-028,0.0000,base,base-04-COST-HOSTING-FF-028,foundry-field
4,2400.0000,2027-05-31,5,AP-base-4-HOSTING-FF-029,0.0000,base,base-04-COST-HOSTING-FF-029,foundry-field
4,3000.0000,2027-05-31,5,AP-base-4-HOSTING-FF-030,0.0000,base,base-04-COST-HOSTING-FF-030,foundry-field
4,3600.0000,2027-05-31,5,AP-base-4-HOSTING-FF-031,0.0000,base,base-04-COST-HOSTING-FF-031,foundry-field
4,1800.0000,2027-05-31,5,AP-base-4-HOSTING-FF-032,0.0000,base,base-04-COST-HOSTING-FF-032,foundry-field
4,2400.0000,2027-05-31,5,AP-base-4-HOSTING-FF-033,0.0000,base,base-04-COST-HOSTING-FF-033,foundry-field
4,3000.0000,2027-05-31,5,AP-base-4-HOSTING-FF-034,0.0000,base,base-04-COST-HOSTING-FF-034,foundry-field
4,3600.0000,2027-05-31,5,AP-base-4-HOSTING-FF-035,0.0000,base,base-04-COST-HOSTING-FF-035,foundry-field
4,1800.0000,2027-05-31,5,AP-base-4-HOSTING-FF-036,0.0000,base,base-04-COST-HOSTING-FF-036,foundry-field
4,1400.0000,2027-05-31,5,AP-base-4-HOSTING-ATL-LIC-001,0.0000,base,base-04-COST-HOSTING-ATL-LIC-001,atlas-meridian
4,1600.0000,2027-05-31,5,AP-base-4-HOSTING-ATL-LIC-002,0.0000,base,base-04-COST-HOSTING-ATL-LIC-002,atlas-meridian
4,1800.0000,2027-05-31,5,AP-base-4-HOSTING-ATL-LIC-003,0.0000,base,base-04-COST-HOSTING-ATL-LIC-003,atlas-meridian
4,1200.0000,2027-05-31,5,AP-base-4-HOSTING-ATL-LIC-004,0.0000,base,base-04-COST-HOSTING-ATL-LIC-004,atlas-meridian
4,1400.0000,2027-05-31,5,AP-base-4-HOSTING-ATL-LIC-013,0.0000,base,base-04-COST-HOSTING-ATL-LIC-013,atlas-meridian
4,1600.0000,2027-05-31,5,AP-base-4-HOSTING-ATL-LIC-014,0.0000,base,base-04-COST-HOSTING-ATL-LIC-014,atlas-meridian
4,1800.0000,2027-05-31,5,AP-base-4-HOSTING-ATL-LIC-015,0.0000,base,base-04-COST-HOSTING-ATL-LIC-015,atlas-meridian
4,2100.0000,2027-05-31,5,AP-base-4-TRAVEL-ADV-2027-01-transfer-and-handover,0.0000,base,base-04-COST-TRAVEL-ADV-2027-01-transfer-and-handover,advisory
4,2520.0000,2027-05-31,5,AP-base-4-TRAVEL-ADV-2027-02-transfer-and-handover,0.0000,base,base-04-COST-TRAVEL-ADV-2027-02-transfer-and-handover,advisory
4,2100.0000,2027-05-31,5,AP-base-4-TRAVEL-ADV-2027-05-scope-and-diagnosis,0.0000,base,base-04-COST-TRAVEL-ADV-2027-05-scope-and-diagnosis,advisory
4,8550.0000,2027-05-31,5,AP-base-4-COMPUTE-ATL-2027-01-accepted-transfer,0.0000,base,base-04-COST-COMPUTE-ATL-2027-01-accepted-transfer,atlas-meridian
4,8550.0000,2027-05-31,5,AP-base-4-COMPUTE-ATL-2027-03-evaluated-workflow,0.0000,base,base-04-COST-COMPUTE-ATL-2027-03-evaluated-workflow,atlas-meridian
4,9000.0000,2027-05-31,5,AP-base-4-WIL-VIBRATION,0.0000,base,base-04-COST-WIL-VIBRATION,willow
4,7000.0000,2027-05-31,5,AP-base-4-WIL-RF-FIELD,0.0000,base,base-04-COST-WIL-RF-FIELD,willow
4,18000.0000,2027-05-31,5,AP-base-4-WIL-CHEMISTRY,0.0000,base,base-04-COST-WIL-CHEMISTRY,willow
4,4500.0000,2027-05-31,5,AP-base-4-WIL-INTERFACE,0.0000,base,base-04-COST-WIL-INTERFACE,willow
4,8580.0000,2027-05-31,5,AP-base-4-PROCESS-STREAM17-base-04,0.0000,base,base-04-COST-PROCESS-STREAM17-base-04,project-cradle
4,18500.0000,2027-05-31,5,AP-base-4-PROCESS-DEMOTTE-base-04,0.0000,base,base-04-COST-PROCESS-DEMOTTE-base-04,project-cradle
4,3979.8000,2027-05-31,5,AP-base-4-FREIGHT-STREAM17-base-03,0.0000,base,base-04-COST-FREIGHT-STREAM17-base-03,project-cradle
5,113000.0000,2027-06-30,6,AP-base-5-ESS-FACILITY-VENDORS,0.0000,base,base-05-COST-ESS-FACILITY-VENDORS,corporate
5,2400.0000,2027-06-30,6,AP-base-5-HOSTING-FF-001,0.0000,base,base-05-COST-HOSTING-FF-001,foundry-field
5,3000.0000,2027-06-30,6,AP-base-5-HOSTING-FF-002,0.0000,base,base-05-COST-HOSTING-FF-002,foundry-field
5,3600.0000,2027-06-30,6,AP-base-5-HOSTING-FF-003,0.0000,base,base-05-COST-HOSTING-FF-003,foundry-field
5,1800.0000,2027-06-30,6,AP-base-5-HOSTING-FF-004,0.0000,base,base-05-COST-HOSTING-FF-004,foundry-field
5,2400.0000,2027-06-30,6,AP-base-5-HOSTING-FF-005,0.0000,base,base-05-COST-HOSTING-FF-005,foundry-field
5,3000.0000,2027-06-30,6,AP-base-5-HOSTING-FF-006,0.0000,base,base-05-COST-HOSTING-FF-006,foundry-field
5,3600.0000,2027-06-30,6,AP-base-5-HOSTING-FF-007,0.0000,base,base-05-COST-HOSTING-FF-007,foundry-field
5,1800.0000,2027-06-30,6,AP-base-5-HOSTING-FF-008,0.0000,base,base-05-COST-HOSTING-FF-008,foundry-field
5,2400.0000,2027-06-30,6,AP-base-5-HOSTING-FF-009,0.0000,base,base-05-COST-HOSTING-FF-009,foundry-field
5,3000.0000,2027-06-30,6,AP-base-5-HOSTING-FF-010,0.0000,base,base-05-COST-HOSTING-FF-010,foundry-field
5,3600.0000,2027-06-30,6,AP-base-5-HOSTING-FF-011,0.0000,base,base-05-COST-HOSTING-FF-011,foundry-field
5,1800.0000,2027-06-30,6,AP-base-5-HOSTING-FF-012,0.0000,base,base-05-COST-HOSTING-FF-012,foundry-field
5,2400.0000,2027-06-30,6,AP-base-5-HOSTING-FF-013,0.0000,base,base-05-COST-HOSTING-FF-013,foundry-field
5,3000.0000,2027-06-30,6,AP-base-5-HOSTING-FF-014,0.0000,base,base-05-COST-HOSTING-FF-014,foundry-field
5,3600.0000,2027-06-30,6,AP-base-5-HOSTING-FF-015,0.0000,base,base-05-COST-HOSTING-FF-015,foundry-field
5,1800.0000,2027-06-30,6,AP-base-5-HOSTING-FF-016,0.0000,base,base-05-COST-HOSTING-FF-016,foundry-field
5,2400.0000,2027-06-30,6,AP-base-5-HOSTING-FF-017,0.0000,base,base-05-COST-HOSTING-FF-017,foundry-field
5,3000.0000,2027-06-30,6,AP-base-5-HOSTING-FF-018,0.0000,base,base-05-COST-HOSTING-FF-018,foundry-field
5,3600.0000,2027-06-30,6,AP-base-5-HOSTING-FF-019,0.0000,base,base-05-COST-HOSTING-FF-019,foundry-field
5,1800.0000,2027-06-30,6,AP-base-5-HOSTING-FF-020,0.0000,base,base-05-COST-HOSTING-FF-020,foundry-field
5,2400.0000,2027-06-30,6,AP-base-5-HOSTING-FF-021,0.0000,base,base-05-COST-HOSTING-FF-021,foundry-field
5,3000.0000,2027-06-30,6,AP-base-5-HOSTING-FF-022,0.0000,base,base-05-COST-HOSTING-FF-022,foundry-field
5,3600.0000,2027-06-30,6,AP-base-5-HOSTING-FF-023,0.0000,base,base-05-COST-HOSTING-FF-023,foundry-field
5,1800.0000,2027-06-30,6,AP-base-5-HOSTING-FF-024,0.0000,base,base-05-COST-HOSTING-FF-024,foundry-field
5,2400.0000,2027-06-30,6,AP-base-5-HOSTING-FF-025,0.0000,base,base-05-COST-HOSTING-FF-025,foundry-field
5,3000.0000,2027-06-30,6,AP-base-5-HOSTING-FF-026,0.0000,base,base-05-COST-HOSTING-FF-026,foundry-field
5,3600.0000,2027-06-30,6,AP-base-5-HOSTING-FF-027,0.0000,base,base-05-COST-HOSTING-FF-027,foundry-field
5,1800.0000,2027-06-30,6,AP-base-5-HOSTING-FF-028,0.0000,base,base-05-COST-HOSTING-FF-028,foundry-field
5,2400.0000,2027-06-30,6,AP-base-5-HOSTING-FF-029,0.0000,base,base-05-COST-HOSTING-FF-029,foundry-field
5,3000.0000,2027-06-30,6,AP-base-5-HOSTING-FF-030,0.0000,base,base-05-COST-HOSTING-FF-030,foundry-field
5,3600.0000,2027-06-30,6,AP-base-5-HOSTING-FF-031,0.0000,base,base-05-COST-HOSTING-FF-031,foundry-field
5,1800.0000,2027-06-30,6,AP-base-5-HOSTING-FF-032,0.0000,base,base-05-COST-HOSTING-FF-032,foundry-field
5,2400.0000,2027-06-30,6,AP-base-5-HOSTING-FF-033,0.0000,base,base-05-COST-HOSTING-FF-033,foundry-field
5,3000.0000,2027-06-30,6,AP-base-5-HOSTING-FF-034,0.0000,base,base-05-COST-HOSTING-FF-034,foundry-field
5,3600.0000,2027-06-30,6,AP-base-5-HOSTING-FF-035,0.0000,base,base-05-COST-HOSTING-FF-035,foundry-field
5,1800.0000,2027-06-30,6,AP-base-5-HOSTING-FF-036,0.0000,base,base-05-COST-HOSTING-FF-036,foundry-field
5,1400.0000,2027-06-30,6,AP-base-5-HOSTING-ATL-LIC-001,0.0000,base,base-05-COST-HOSTING-ATL-LIC-001,atlas-meridian
5,1600.0000,2027-06-30,6,AP-base-5-HOSTING-ATL-LIC-002,0.0000,base,base-05-COST-HOSTING-ATL-LIC-002,atlas-meridian
5,1800.0000,2027-06-30,6,AP-base-5-HOSTING-ATL-LIC-003,0.0000,base,base-05-COST-HOSTING-ATL-LIC-003,atlas-meridian
5,1200.0000,2027-06-30,6,AP-base-5-HOSTING-ATL-LIC-004,0.0000,base,base-05-COST-HOSTING-ATL-LIC-004,atlas-meridian
5,1400.0000,2027-06-30,6,AP-base-5-HOSTING-ATL-LIC-005,0.0000,base,base-05-COST-HOSTING-ATL-LIC-005,atlas-meridian
5,1400.0000,2027-06-30,6,AP-base-5-HOSTING-ATL-LIC-013,0.0000,base,base-05-COST-HOSTING-ATL-LIC-013,atlas-meridian
5,1600.0000,2027-06-30,6,AP-base-5-HOSTING-ATL-LIC-014,0.0000,base,base-05-COST-HOSTING-ATL-LIC-014,atlas-meridian
5,1800.0000,2027-06-30,6,AP-base-5-HOSTING-ATL-LIC-015,0.0000,base,base-05-COST-HOSTING-ATL-LIC-015,atlas-meridian
5,2940.0000,2027-06-30,6,AP-base-5-TRAVEL-ADV-2027-07-scope-and-diagnosis,0.0000,base,base-05-COST-TRAVEL-ADV-2027-07-scope-and-diagnosis,advisory
5,3360.0000,2027-06-30,6,AP-base-5-TRAVEL-ADV-2027-08-scope-and-diagnosis,0.0000,base,base-05-COST-TRAVEL-ADV-2027-08-scope-and-diagnosis,advisory
5,9832.5000,2027-06-30,6,AP-base-5-COMPUTE-ATL-2027-02-accepted-transfer,0.0000,base,base-05-COST-COMPUTE-ATL-2027-02-accepted-transfer,atlas-meridian
5,8550.0000,2027-06-30,6,AP-base-5-COMPUTE-ATL-2027-04-evaluated-workflow,0.0000,base,base-05-COST-COMPUTE-ATL-2027-04-evaluated-workflow,atlas-meridian
5,9000.0000,2027-06-30,6,AP-base-5-WIL-VIBRATION,0.0000,base,base-05-COST-WIL-VIBRATION,willow
5,7000.0000,2027-06-30,6,AP-base-5-WIL-RF-FIELD,0.0000,base,base-05-COST-WIL-RF-FIELD,willow
5,18000.0000,2027-06-30,6,AP-base-5-WIL-CHEMISTRY,0.0000,base,base-05-COST-WIL-CHEMISTRY,willow
5,4500.0000,2027-06-30,6,AP-base-5-WIL-INTERFACE,0.0000,base,base-05-COST-WIL-INTERFACE,willow
5,8580.0000,2027-06-30,6,AP-base-5-PROCESS-STREAM17-base-05,0.0000,base,base-05-COST-PROCESS-STREAM17-base-05,project-cradle
5,18500.0000,2027-06-30,6,AP-base-5-PROCESS-DEMOTTE-base-05,0.0000,base,base-05-COST-PROCESS-DEMOTTE-base-05,project-cradle
5,3979.8000,2027-06-30,6,AP-base-5-FREIGHT-STREAM17-base-04,0.0000,base,base-05-COST-FREIGHT-STREAM17-base-04,project-cradle
6,113000.0000,2027-07-31,7,AP-base-6-ESS-FACILITY-VENDORS,0.0000,base,base-06-COST-ESS-FACILITY-VENDORS,corporate
6,2400.0000,2027-07-31,7,AP-base-6-HOSTING-FF-001,0.0000,base,base-06-COST-HOSTING-FF-001,foundry-field
6,3000.0000,2027-07-31,7,AP-base-6-HOSTING-FF-002,0.0000,base,base-06-COST-HOSTING-FF-002,foundry-field
6,3600.0000,2027-07-31,7,AP-base-6-HOSTING-FF-003,0.0000,base,base-06-COST-HOSTING-FF-003,foundry-field
6,1800.0000,2027-07-31,7,AP-base-6-HOSTING-FF-004,0.0000,base,base-06-COST-HOSTING-FF-004,foundry-field
6,2400.0000,2027-07-31,7,AP-base-6-HOSTING-FF-005,0.0000,base,base-06-COST-HOSTING-FF-005,foundry-field
6,3000.0000,2027-07-31,7,AP-base-6-HOSTING-FF-006,0.0000,base,base-06-COST-HOSTING-FF-006,foundry-field
6,3600.0000,2027-07-31,7,AP-base-6-HOSTING-FF-007,0.0000,base,base-06-COST-HOSTING-FF-007,foundry-field
6,1800.0000,2027-07-31,7,AP-base-6-HOSTING-FF-008,0.0000,base,base-06-COST-HOSTING-FF-008,foundry-field
6,2400.0000,2027-07-31,7,AP-base-6-HOSTING-FF-009,0.0000,base,base-06-COST-HOSTING-FF-009,foundry-field
6,3000.0000,2027-07-31,7,AP-base-6-HOSTING-FF-010,0.0000,base,base-06-COST-HOSTING-FF-010,foundry-field
6,3600.0000,2027-07-31,7,AP-base-6-HOSTING-FF-011,0.0000,base,base-06-COST-HOSTING-FF-011,foundry-field
6,1800.0000,2027-07-31,7,AP-base-6-HOSTING-FF-012,0.0000,base,base-06-COST-HOSTING-FF-012,foundry-field
6,2400.0000,2027-07-31,7,AP-base-6-HOSTING-FF-013,0.0000,base,base-06-COST-HOSTING-FF-013,foundry-field
6,3000.0000,2027-07-31,7,AP-base-6-HOSTING-FF-014,0.0000,base,base-06-COST-HOSTING-FF-014,foundry-field
6,3600.0000,2027-07-31,7,AP-base-6-HOSTING-FF-015,0.0000,base,base-06-COST-HOSTING-FF-015,foundry-field
6,1800.0000,2027-07-31,7,AP-base-6-HOSTING-FF-016,0.0000,base,base-06-COST-HOSTING-FF-016,foundry-field
6,2400.0000,2027-07-31,7,AP-base-6-HOSTING-FF-017,0.0000,base,base-06-COST-HOSTING-FF-017,foundry-field
6,3000.0000,2027-07-31,7,AP-base-6-HOSTING-FF-018,0.0000,base,base-06-COST-HOSTING-FF-018,foundry-field
6,3600.0000,2027-07-31,7,AP-base-6-HOSTING-FF-019,0.0000,base,base-06-COST-HOSTING-FF-019,foundry-field
6,1800.0000,2027-07-31,7,AP-base-6-HOSTING-FF-020,0.0000,base,base-06-COST-HOSTING-FF-020,foundry-field
6,2400.0000,2027-07-31,7,AP-base-6-HOSTING-FF-021,0.0000,base,base-06-COST-HOSTING-FF-021,foundry-field
6,3000.0000,2027-07-31,7,AP-base-6-HOSTING-FF-022,0.0000,base,base-06-COST-HOSTING-FF-022,foundry-field
6,3600.0000,2027-07-31,7,AP-base-6-HOSTING-FF-023,0.0000,base,base-06-COST-HOSTING-FF-023,foundry-field
6,1800.0000,2027-07-31,7,AP-base-6-HOSTING-FF-024,0.0000,base,base-06-COST-HOSTING-FF-024,foundry-field
6,2400.0000,2027-07-31,7,AP-base-6-HOSTING-FF-025,0.0000,base,base-06-COST-HOSTING-FF-025,foundry-field
6,3000.0000,2027-07-31,7,AP-base-6-HOSTING-FF-026,0.0000,base,base-06-COST-HOSTING-FF-026,foundry-field
6,3600.0000,2027-07-31,7,AP-base-6-HOSTING-FF-027,0.0000,base,base-06-COST-HOSTING-FF-027,foundry-field
6,1800.0000,2027-07-31,7,AP-base-6-HOSTING-FF-028,0.0000,base,base-06-COST-HOSTING-FF-028,foundry-field
6,2400.0000,2027-07-31,7,AP-base-6-HOSTING-FF-029,0.0000,base,base-06-COST-HOSTING-FF-029,foundry-field
6,3000.0000,2027-07-31,7,AP-base-6-HOSTING-FF-030,0.0000,base,base-06-COST-HOSTING-FF-030,foundry-field
6,3600.0000,2027-07-31,7,AP-base-6-HOSTING-FF-031,0.0000,base,base-06-COST-HOSTING-FF-031,foundry-field
6,1800.0000,2027-07-31,7,AP-base-6-HOSTING-FF-032,0.0000,base,base-06-COST-HOSTING-FF-032,foundry-field
6,2400.0000,2027-07-31,7,AP-base-6-HOSTING-FF-033,0.0000,base,base-06-COST-HOSTING-FF-033,foundry-field
6,3000.0000,2027-07-31,7,AP-base-6-HOSTING-FF-034,0.0000,base,base-06-COST-HOSTING-FF-034,foundry-field
6,3600.0000,2027-07-31,7,AP-base-6-HOSTING-FF-035,0.0000,base,base-06-COST-HOSTING-FF-035,foundry-field
6,1800.0000,2027-07-31,7,AP-base-6-HOSTING-FF-036,0.0000,base,base-06-COST-HOSTING-FF-036,foundry-field
6,1400.0000,2027-07-31,7,AP-base-6-HOSTING-ATL-LIC-001,0.0000,base,base-06-COST-HOSTING-ATL-LIC-001,atlas-meridian
6,1600.0000,2027-07-31,7,AP-base-6-HOSTING-ATL-LIC-002,0.0000,base,base-06-COST-HOSTING-ATL-LIC-002,atlas-meridian
6,1800.0000,2027-07-31,7,AP-base-6-HOSTING-ATL-LIC-003,0.0000,base,base-06-COST-HOSTING-ATL-LIC-003,atlas-meridian
6,1200.0000,2027-07-31,7,AP-base-6-HOSTING-ATL-LIC-004,0.0000,base,base-06-COST-HOSTING-ATL-LIC-004,atlas-meridian
6,1400.0000,2027-07-31,7,AP-base-6-HOSTING-ATL-LIC-005,0.0000,base,base-06-COST-HOSTING-ATL-LIC-005,atlas-meridian
6,1400.0000,2027-07-31,7,AP-base-6-HOSTING-ATL-LIC-013,0.0000,base,base-06-COST-HOSTING-ATL-LIC-013,atlas-meridian
6,1600.0000,2027-07-31,7,AP-base-6-HOSTING-ATL-LIC-014,0.0000,base,base-06-COST-HOSTING-ATL-LIC-014,atlas-meridian
6,1800.0000,2027-07-31,7,AP-base-6-HOSTING-ATL-LIC-015,0.0000,base,base-06-COST-HOSTING-ATL-LIC-015,atlas-meridian
6,5880.0000,2027-07-31,7,AP-base-6-TRAVEL-ADV-2027-03-workflow-acceptance,0.0000,base,base-06-COST-TRAVEL-ADV-2027-03-workflow-acceptance,advisory
6,2940.0000,2027-07-31,7,AP-base-6-TRAVEL-ADV-2027-03-transfer-and-handover,0.0000,base,base-06-COST-TRAVEL-ADV-2027-03-transfer-and-handover,advisory
6,5880.0000,2027-07-31,7,AP-base-6-TRAVEL-ADV-2027-07-workflow-acceptance,0.0000,base,base-06-COST-TRAVEL-ADV-2027-07-workflow-acceptance,advisory
6,7728.0000,2027-07-31,7,AP-base-6-TRAVEL-ADV-2027-08-workflow-acceptance,0.0000,base,base-06-COST-TRAVEL-ADV-2027-08-workflow-acceptance,advisory
6,2100.0000,2027-07-31,7,AP-base-6-TRAVEL-ADV-2027-09-scope-and-diagnosis,0.0000,base,base-06-COST-TRAVEL-ADV-2027-09-scope-and-diagnosis,advisory
6,2520.0000,2027-07-31,7,AP-base-6-TRAVEL-ADV-2027-10-scope-and-diagnosis,0.0000,base,base-06-COST-TRAVEL-ADV-2027-10-scope-and-diagnosis,advisory
6,8550.0000,2027-07-31,7,AP-base-6-COMPUTE-ATL-2027-03-accepted-transfer,0.0000,base,base-06-COST-COMPUTE-ATL-2027-03-accepted-transfer,atlas-meridian
6,8550.0000,2027-07-31,7,AP-base-6-COMPUTE-ATL-2027-05-evaluated-workflow,0.0000,base,base-06-COST-COMPUTE-ATL-2027-05-evaluated-workflow,atlas-meridian
6,9000.0000,2027-07-31,7,AP-base-6-WIL-VIBRATION,0.0000,base,base-06-COST-WIL-VIBRATION,willow
6,7000.0000,2027-07-31,7,AP-base-6-WIL-RF-FIELD,0.0000,base,base-06-COST-WIL-RF-FIELD,willow
6,18000.0000,2027-07-31,7,AP-base-6-WIL-CHEMISTRY,0.0000,base,base-06-COST-WIL-CHEMISTRY,willow
6,8580.0000,2027-07-31,7,AP-base-6-PROCESS-STREAM17-base-06,0.0000,base,base-06-COST-PROCESS-STREAM17-base-06,project-cradle
6,18500.0000,2027-07-31,7,AP-base-6-PROCESS-DEMOTTE-base-06,0.0000,base,base-06-COST-PROCESS-DEMOTTE-base-06,project-cradle
6,3979.8000,2027-07-31,7,AP-base-6-FREIGHT-STREAM17-base-05,0.0000,base,base-06-COST-FREIGHT-STREAM17-base-05,project-cradle
7,113000.0000,2027-08-31,8,AP-base-7-ESS-FACILITY-VENDORS,0.0000,base,base-07-COST-ESS-FACILITY-VENDORS,corporate
7,2400.0000,2027-08-31,8,AP-base-7-HOSTING-FF-001,0.0000,base,base-07-COST-HOSTING-FF-001,foundry-field
7,3000.0000,2027-08-31,8,AP-base-7-HOSTING-FF-002,0.0000,base,base-07-COST-HOSTING-FF-002,foundry-field
7,3600.0000,2027-08-31,8,AP-base-7-HOSTING-FF-003,0.0000,base,base-07-COST-HOSTING-FF-003,foundry-field
7,1800.0000,2027-08-31,8,AP-base-7-HOSTING-FF-004,0.0000,base,base-07-COST-HOSTING-FF-004,foundry-field
7,2400.0000,2027-08-31,8,AP-base-7-HOSTING-FF-005,0.0000,base,base-07-COST-HOSTING-FF-005,foundry-field
7,3000.0000,2027-08-31,8,AP-base-7-HOSTING-FF-006,0.0000,base,base-07-COST-HOSTING-FF-006,foundry-field
7,3600.0000,2027-08-31,8,AP-base-7-HOSTING-FF-007,0.0000,base,base-07-COST-HOSTING-FF-007,foundry-field
7,1800.0000,2027-08-31,8,AP-base-7-HOSTING-FF-008,0.0000,base,base-07-COST-HOSTING-FF-008,foundry-field
7,2400.0000,2027-08-31,8,AP-base-7-HOSTING-FF-009,0.0000,base,base-07-COST-HOSTING-FF-009,foundry-field
7,3000.0000,2027-08-31,8,AP-base-7-HOSTING-FF-010,0.0000,base,base-07-COST-HOSTING-FF-010,foundry-field
7,3600.0000,2027-08-31,8,AP-base-7-HOSTING-FF-011,0.0000,base,base-07-COST-HOSTING-FF-011,foundry-field
7,1800.0000,2027-08-31,8,AP-base-7-HOSTING-FF-012,0.0000,base,base-07-COST-HOSTING-FF-012,foundry-field
7,2400.0000,2027-08-31,8,AP-base-7-HOSTING-FF-013,0.0000,base,base-07-COST-HOSTING-FF-013,foundry-field
7,3000.0000,2027-08-31,8,AP-base-7-HOSTING-FF-014,0.0000,base,base-07-COST-HOSTING-FF-014,foundry-field
7,3600.0000,2027-08-31,8,AP-base-7-HOSTING-FF-015,0.0000,base,base-07-COST-HOSTING-FF-015,foundry-field
7,1800.0000,2027-08-31,8,AP-base-7-HOSTING-FF-016,0.0000,base,base-07-COST-HOSTING-FF-016,foundry-field
7,2400.0000,2027-08-31,8,AP-base-7-HOSTING-FF-017,0.0000,base,base-07-COST-HOSTING-FF-017,foundry-field
7,3000.0000,2027-08-31,8,AP-base-7-HOSTING-FF-018,0.0000,base,base-07-COST-HOSTING-FF-018,foundry-field
7,3600.0000,2027-08-31,8,AP-base-7-HOSTING-FF-019,0.0000,base,base-07-COST-HOSTING-FF-019,foundry-field
7,1800.0000,2027-08-31,8,AP-base-7-HOSTING-FF-020,0.0000,base,base-07-COST-HOSTING-FF-020,foundry-field
7,2400.0000,2027-08-31,8,AP-base-7-HOSTING-FF-021,0.0000,base,base-07-COST-HOSTING-FF-021,foundry-field
7,3000.0000,2027-08-31,8,AP-base-7-HOSTING-FF-022,0.0000,base,base-07-COST-HOSTING-FF-022,foundry-field
7,3600.0000,2027-08-31,8,AP-base-7-HOSTING-FF-023,0.0000,base,base-07-COST-HOSTING-FF-023,foundry-field
7,1800.0000,2027-08-31,8,AP-base-7-HOSTING-FF-024,0.0000,base,base-07-COST-HOSTING-FF-024,foundry-field
7,2400.0000,2027-08-31,8,AP-base-7-HOSTING-FF-025,0.0000,base,base-07-COST-HOSTING-FF-025,foundry-field
7,3000.0000,2027-08-31,8,AP-base-7-HOSTING-FF-026,0.0000,base,base-07-COST-HOSTING-FF-026,foundry-field
7,3600.0000,2027-08-31,8,AP-base-7-HOSTING-FF-027,0.0000,base,base-07-COST-HOSTING-FF-027,foundry-field
7,1800.0000,2027-08-31,8,AP-base-7-HOSTING-FF-028,0.0000,base,base-07-COST-HOSTING-FF-028,foundry-field
7,2400.0000,2027-08-31,8,AP-base-7-HOSTING-FF-029,0.0000,base,base-07-COST-HOSTING-FF-029,foundry-field
7,3000.0000,2027-08-31,8,AP-base-7-HOSTING-FF-030,0.0000,base,base-07-COST-HOSTING-FF-030,foundry-field
7,3600.0000,2027-08-31,8,AP-base-7-HOSTING-FF-031,0.0000,base,base-07-COST-HOSTING-FF-031,foundry-field
7,1800.0000,2027-08-31,8,AP-base-7-HOSTING-FF-032,0.0000,base,base-07-COST-HOSTING-FF-032,foundry-field
7,2400.0000,2027-08-31,8,AP-base-7-HOSTING-FF-033,0.0000,base,base-07-COST-HOSTING-FF-033,foundry-field
7,3000.0000,2027-08-31,8,AP-base-7-HOSTING-FF-034,0.0000,base,base-07-COST-HOSTING-FF-034,foundry-field
7,3600.0000,2027-08-31,8,AP-base-7-HOSTING-FF-035,0.0000,base,base-07-COST-HOSTING-FF-035,foundry-field
7,1800.0000,2027-08-31,8,AP-base-7-HOSTING-FF-036,0.0000,base,base-07-COST-HOSTING-FF-036,foundry-field
7,1400.0000,2027-08-31,8,AP-base-7-HOSTING-ATL-LIC-001,0.0000,base,base-07-COST-HOSTING-ATL-LIC-001,atlas-meridian
7,1600.0000,2027-08-31,8,AP-base-7-HOSTING-ATL-LIC-002,0.0000,base,base-07-COST-HOSTING-ATL-LIC-002,atlas-meridian
7,1800.0000,2027-08-31,8,AP-base-7-HOSTING-ATL-LIC-003,0.0000,base,base-07-COST-HOSTING-ATL-LIC-003,atlas-meridian
7,1200.0000,2027-08-31,8,AP-base-7-HOSTING-ATL-LIC-004,0.0000,base,base-07-COST-HOSTING-ATL-LIC-004,atlas-meridian
7,1400.0000,2027-08-31,8,AP-base-7-HOSTING-ATL-LIC-005,0.0000,base,base-07-COST-HOSTING-ATL-LIC-005,atlas-meridian
7,1600.0000,2027-08-31,8,AP-base-7-HOSTING-ATL-LIC-006,0.0000,base,base-07-COST-HOSTING-ATL-LIC-006,atlas-meridian
7,1800.0000,2027-08-31,8,AP-base-7-HOSTING-ATL-LIC-007,0.0000,base,base-07-COST-HOSTING-ATL-LIC-007,atlas-meridian
7,1400.0000,2027-08-31,8,AP-base-7-HOSTING-ATL-LIC-013,0.0000,base,base-07-COST-HOSTING-ATL-LIC-013,atlas-meridian
7,1600.0000,2027-08-31,8,AP-base-7-HOSTING-ATL-LIC-014,0.0000,base,base-07-COST-HOSTING-ATL-LIC-014,atlas-meridian
7,1800.0000,2027-08-31,8,AP-base-7-HOSTING-ATL-LIC-015,0.0000,base,base-07-COST-HOSTING-ATL-LIC-015,atlas-meridian
7,6720.0000,2027-08-31,8,AP-base-7-TRAVEL-ADV-2027-04-workflow-acceptance,0.0000,base,base-07-COST-TRAVEL-ADV-2027-04-workflow-acceptance,advisory
7,3360.0000,2027-08-31,8,AP-base-7-TRAVEL-ADV-2027-04-transfer-and-handover,0.0000,base,base-07-COST-TRAVEL-ADV-2027-04-transfer-and-handover,advisory
7,2940.0000,2027-08-31,8,AP-base-7-TRAVEL-ADV-2027-07-transfer-and-handover,0.0000,base,base-07-COST-TRAVEL-ADV-2027-07-transfer-and-handover,advisory
7,3360.0000,2027-08-31,8,AP-base-7-TRAVEL-ADV-2027-08-transfer-and-handover,0.0000,base,base-07-COST-TRAVEL-ADV-2027-08-transfer-and-handover,advisory
7,4200.0000,2027-08-31,8,AP-base-7-TRAVEL-ADV-2027-09-workflow-acceptance,0.0000,base,base-07-COST-TRAVEL-ADV-2027-09-workflow-acceptance,advisory
7,5040.0000,2027-08-31,8,AP-base-7-TRAVEL-ADV-2027-10-workflow-acceptance,0.0000,base,base-07-COST-TRAVEL-ADV-2027-10-workflow-acceptance,advisory
7,2940.0000,2027-08-31,8,AP-base-7-TRAVEL-ADV-2027-11-scope-and-diagnosis,0.0000,base,base-07-COST-TRAVEL-ADV-2027-11-scope-and-diagnosis,advisory
7,3360.0000,2027-08-31,8,AP-base-7-TRAVEL-ADV-2027-12-scope-and-diagnosis,0.0000,base,base-07-COST-TRAVEL-ADV-2027-12-scope-and-diagnosis,advisory
7,8550.0000,2027-08-31,8,AP-base-7-COMPUTE-ATL-2027-04-accepted-transfer,0.0000,base,base-07-COST-COMPUTE-ATL-2027-04-accepted-transfer,atlas-meridian
7,8550.0000,2027-08-31,8,AP-base-7-COMPUTE-ATL-2027-06-evaluated-workflow,0.0000,base,base-07-COST-COMPUTE-ATL-2027-06-evaluated-workflow,atlas-meridian
7,9000.0000,2027-08-31,8,AP-base-7-WIL-VIBRATION,0.0000,base,base-07-COST-WIL-VIBRATION,willow
7,18000.0000,2027-08-31,8,AP-base-7-WIL-CHEMISTRY,0.0000,base,base-07-COST-WIL-CHEMISTRY,willow
7,8000.0000,2027-08-31,8,AP-base-7-WIL-RF-RETEST-2027,0.0000,base,base-07-COST-WIL-RF-RETEST-2027,willow
7,8580.0000,2027-08-31,8,AP-base-7-PROCESS-STREAM17-base-07,0.0000,base,base-07-COST-PROCESS-STREAM17-base-07,project-cradle
7,18500.0000,2027-08-31,8,AP-base-7-PROCESS-DEMOTTE-base-07,0.0000,base,base-07-COST-PROCESS-DEMOTTE-base-07,project-cradle
7,3979.8000,2027-08-31,8,AP-base-7-FREIGHT-STREAM17-base-06,0.0000,base,base-07-COST-FREIGHT-STREAM17-base-06,project-cradle
8,113000.0000,2027-09-30,9,AP-base-8-ESS-FACILITY-VENDORS,0.0000,base,base-08-COST-ESS-FACILITY-VENDORS,corporate
8,2400.0000,2027-09-30,9,AP-base-8-HOSTING-FF-001,0.0000,base,base-08-COST-HOSTING-FF-001,foundry-field
8,3000.0000,2027-09-30,9,AP-base-8-HOSTING-FF-002,0.0000,base,base-08-COST-HOSTING-FF-002,foundry-field
8,3600.0000,2027-09-30,9,AP-base-8-HOSTING-FF-003,0.0000,base,base-08-COST-HOSTING-FF-003,foundry-field
8,1800.0000,2027-09-30,9,AP-base-8-HOSTING-FF-004,0.0000,base,base-08-COST-HOSTING-FF-004,foundry-field
8,2400.0000,2027-09-30,9,AP-base-8-HOSTING-FF-005,0.0000,base,base-08-COST-HOSTING-FF-005,foundry-field
8,3000.0000,2027-09-30,9,AP-base-8-HOSTING-FF-006,0.0000,base,base-08-COST-HOSTING-FF-006,foundry-field
8,3600.0000,2027-09-30,9,AP-base-8-HOSTING-FF-007,0.0000,base,base-08-COST-HOSTING-FF-007,foundry-field
8,1800.0000,2027-09-30,9,AP-base-8-HOSTING-FF-008,0.0000,base,base-08-COST-HOSTING-FF-008,foundry-field
8,2400.0000,2027-09-30,9,AP-base-8-HOSTING-FF-009,0.0000,base,base-08-COST-HOSTING-FF-009,foundry-field
8,3000.0000,2027-09-30,9,AP-base-8-HOSTING-FF-010,0.0000,base,base-08-COST-HOSTING-FF-010,foundry-field
8,3600.0000,2027-09-30,9,AP-base-8-HOSTING-FF-011,0.0000,base,base-08-COST-HOSTING-FF-011,foundry-field
8,1800.0000,2027-09-30,9,AP-base-8-HOSTING-FF-012,0.0000,base,base-08-COST-HOSTING-FF-012,foundry-field
8,2400.0000,2027-09-30,9,AP-base-8-HOSTING-FF-013,0.0000,base,base-08-COST-HOSTING-FF-013,foundry-field
8,3000.0000,2027-09-30,9,AP-base-8-HOSTING-FF-014,0.0000,base,base-08-COST-HOSTING-FF-014,foundry-field
8,3600.0000,2027-09-30,9,AP-base-8-HOSTING-FF-015,0.0000,base,base-08-COST-HOSTING-FF-015,foundry-field
8,1800.0000,2027-09-30,9,AP-base-8-HOSTING-FF-016,0.0000,base,base-08-COST-HOSTING-FF-016,foundry-field
8,2400.0000,2027-09-30,9,AP-base-8-HOSTING-FF-017,0.0000,base,base-08-COST-HOSTING-FF-017,foundry-field
8,3000.0000,2027-09-30,9,AP-base-8-HOSTING-FF-018,0.0000,base,base-08-COST-HOSTING-FF-018,foundry-field
8,3600.0000,2027-09-30,9,AP-base-8-HOSTING-FF-019,0.0000,base,base-08-COST-HOSTING-FF-019,foundry-field
8,1800.0000,2027-09-30,9,AP-base-8-HOSTING-FF-020,0.0000,base,base-08-COST-HOSTING-FF-020,foundry-field
8,2400.0000,2027-09-30,9,AP-base-8-HOSTING-FF-021,0.0000,base,base-08-COST-HOSTING-FF-021,foundry-field
8,3000.0000,2027-09-30,9,AP-base-8-HOSTING-FF-022,0.0000,base,base-08-COST-HOSTING-FF-022,foundry-field
8,3600.0000,2027-09-30,9,AP-base-8-HOSTING-FF-023,0.0000,base,base-08-COST-HOSTING-FF-023,foundry-field
8,1800.0000,2027-09-30,9,AP-base-8-HOSTING-FF-024,0.0000,base,base-08-COST-HOSTING-FF-024,foundry-field
8,2400.0000,2027-09-30,9,AP-base-8-HOSTING-FF-025,0.0000,base,base-08-COST-HOSTING-FF-025,foundry-field
8,3000.0000,2027-09-30,9,AP-base-8-HOSTING-FF-026,0.0000,base,base-08-COST-HOSTING-FF-026,foundry-field
8,3600.0000,2027-09-30,9,AP-base-8-HOSTING-FF-027,0.0000,base,base-08-COST-HOSTING-FF-027,foundry-field
8,1800.0000,2027-09-30,9,AP-base-8-HOSTING-FF-028,0.0000,base,base-08-COST-HOSTING-FF-028,foundry-field
8,2400.0000,2027-09-30,9,AP-base-8-HOSTING-FF-029,0.0000,base,base-08-COST-HOSTING-FF-029,foundry-field
8,3000.0000,2027-09-30,9,AP-base-8-HOSTING-FF-030,0.0000,base,base-08-COST-HOSTING-FF-030,foundry-field
8,3600.0000,2027-09-30,9,AP-base-8-HOSTING-FF-031,0.0000,base,base-08-COST-HOSTING-FF-031,foundry-field
8,1800.0000,2027-09-30,9,AP-base-8-HOSTING-FF-032,0.0000,base,base-08-COST-HOSTING-FF-032,foundry-field
8,2400.0000,2027-09-30,9,AP-base-8-HOSTING-FF-033,0.0000,base,base-08-COST-HOSTING-FF-033,foundry-field
8,3000.0000,2027-09-30,9,AP-base-8-HOSTING-FF-034,0.0000,base,base-08-COST-HOSTING-FF-034,foundry-field
8,3600.0000,2027-09-30,9,AP-base-8-HOSTING-FF-035,0.0000,base,base-08-COST-HOSTING-FF-035,foundry-field
8,1800.0000,2027-09-30,9,AP-base-8-HOSTING-FF-036,0.0000,base,base-08-COST-HOSTING-FF-036,foundry-field
8,1400.0000,2027-09-30,9,AP-base-8-HOSTING-ATL-LIC-001,0.0000,base,base-08-COST-HOSTING-ATL-LIC-001,atlas-meridian
8,1600.0000,2027-09-30,9,AP-base-8-HOSTING-ATL-LIC-002,0.0000,base,base-08-COST-HOSTING-ATL-LIC-002,atlas-meridian
8,1800.0000,2027-09-30,9,AP-base-8-HOSTING-ATL-LIC-003,0.0000,base,base-08-COST-HOSTING-ATL-LIC-003,atlas-meridian
8,1200.0000,2027-09-30,9,AP-base-8-HOSTING-ATL-LIC-004,0.0000,base,base-08-COST-HOSTING-ATL-LIC-004,atlas-meridian
8,1400.0000,2027-09-30,9,AP-base-8-HOSTING-ATL-LIC-005,0.0000,base,base-08-COST-HOSTING-ATL-LIC-005,atlas-meridian
8,1600.0000,2027-09-30,9,AP-base-8-HOSTING-ATL-LIC-006,0.0000,base,base-08-COST-HOSTING-ATL-LIC-006,atlas-meridian
8,1800.0000,2027-09-30,9,AP-base-8-HOSTING-ATL-LIC-007,0.0000,base,base-08-COST-HOSTING-ATL-LIC-007,atlas-meridian
8,1200.0000,2027-09-30,9,AP-base-8-HOSTING-ATL-LIC-008,0.0000,base,base-08-COST-HOSTING-ATL-LIC-008,atlas-meridian
8,1400.0000,2027-09-30,9,AP-base-8-HOSTING-ATL-LIC-013,0.0000,base,base-08-COST-HOSTING-ATL-LIC-013,atlas-meridian
8,1600.0000,2027-09-30,9,AP-base-8-HOSTING-ATL-LIC-014,0.0000,base,base-08-COST-HOSTING-ATL-LIC-014,atlas-meridian
8,1800.0000,2027-09-30,9,AP-base-8-HOSTING-ATL-LIC-015,0.0000,base,base-08-COST-HOSTING-ATL-LIC-015,atlas-meridian
8,4200.0000,2027-09-30,9,AP-base-8-TRAVEL-ADV-2027-05-workflow-acceptance,0.0000,base,base-08-COST-TRAVEL-ADV-2027-05-workflow-acceptance,advisory
8,2100.0000,2027-09-30,9,AP-base-8-TRAVEL-ADV-2027-05-transfer-and-handover,0.0000,base,base-08-COST-TRAVEL-ADV-2027-05-transfer-and-handover,advisory
8,2100.0000,2027-09-30,9,AP-base-8-TRAVEL-ADV-2027-09-transfer-and-handover,0.0000,base,base-08-COST-TRAVEL-ADV-2027-09-transfer-and-handover,advisory
8,2520.0000,2027-09-30,9,AP-base-8-TRAVEL-ADV-2027-10-transfer-and-handover,0.0000,base,base-08-COST-TRAVEL-ADV-2027-10-transfer-and-handover,advisory
8,5880.0000,2027-09-30,9,AP-base-8-TRAVEL-ADV-2027-11-workflow-acceptance,0.0000,base,base-08-COST-TRAVEL-ADV-2027-11-workflow-acceptance,advisory
8,6720.0000,2027-09-30,9,AP-base-8-TRAVEL-ADV-2027-12-workflow-acceptance,0.0000,base,base-08-COST-TRAVEL-ADV-2027-12-workflow-acceptance,advisory
8,2100.0000,2027-09-30,9,AP-base-8-TRAVEL-ADV-2027-13-scope-and-diagnosis,0.0000,base,base-08-COST-TRAVEL-ADV-2027-13-scope-and-diagnosis,advisory
8,2520.0000,2027-09-30,9,AP-base-8-TRAVEL-ADV-2027-14-scope-and-diagnosis,0.0000,base,base-08-COST-TRAVEL-ADV-2027-14-scope-and-diagnosis,advisory
8,8550.0000,2027-09-30,9,AP-base-8-COMPUTE-ATL-2027-05-accepted-transfer,0.0000,base,base-08-COST-COMPUTE-ATL-2027-05-accepted-transfer,atlas-meridian
8,8550.0000,2027-09-30,9,AP-base-8-COMPUTE-ATL-2027-07-evaluated-workflow,0.0000,base,base-08-COST-COMPUTE-ATL-2027-07-evaluated-workflow,atlas-meridian
8,9000.0000,2027-09-30,9,AP-base-8-WIL-VIBRATION,0.0000,base,base-08-COST-WIL-VIBRATION,willow
8,18000.0000,2027-09-30,9,AP-base-8-WIL-CHEMISTRY,0.0000,base,base-08-COST-WIL-CHEMISTRY,willow
8,8000.0000,2027-09-30,9,AP-base-8-WIL-RF-RETEST-2027,0.0000,base,base-08-COST-WIL-RF-RETEST-2027,willow
8,8580.0000,2027-09-30,9,AP-base-8-PROCESS-STREAM17-base-08,0.0000,base,base-08-COST-PROCESS-STREAM17-base-08,project-cradle
8,18500.0000,2027-09-30,9,AP-base-8-PROCESS-DEMOTTE-base-08,0.0000,base,base-08-COST-PROCESS-DEMOTTE-base-08,project-cradle
8,3979.8000,2027-09-30,9,AP-base-8-FREIGHT-STREAM17-base-07,0.0000,base,base-08-COST-FREIGHT-STREAM17-base-07,project-cradle
9,113000.0000,2027-10-31,10,AP-base-9-ESS-FACILITY-VENDORS,0.0000,base,base-09-COST-ESS-FACILITY-VENDORS,corporate
9,2400.0000,2027-10-31,10,AP-base-9-HOSTING-FF-001,0.0000,base,base-09-COST-HOSTING-FF-001,foundry-field
9,3000.0000,2027-10-31,10,AP-base-9-HOSTING-FF-002,0.0000,base,base-09-COST-HOSTING-FF-002,foundry-field
9,3600.0000,2027-10-31,10,AP-base-9-HOSTING-FF-003,0.0000,base,base-09-COST-HOSTING-FF-003,foundry-field
9,2400.0000,2027-10-31,10,AP-base-9-HOSTING-FF-005,0.0000,base,base-09-COST-HOSTING-FF-005,foundry-field
9,3000.0000,2027-10-31,10,AP-base-9-HOSTING-FF-006,0.0000,base,base-09-COST-HOSTING-FF-006,foundry-field
9,3600.0000,2027-10-31,10,AP-base-9-HOSTING-FF-007,0.0000,base,base-09-COST-HOSTING-FF-007,foundry-field
9,1800.0000,2027-10-31,10,AP-base-9-HOSTING-FF-008,0.0000,base,base-09-COST-HOSTING-FF-008,foundry-field
9,2400.0000,2027-10-31,10,AP-base-9-HOSTING-FF-009,0.0000,base,base-09-COST-HOSTING-FF-009,foundry-field
9,3000.0000,2027-10-31,10,AP-base-9-HOSTING-FF-010,0.0000,base,base-09-COST-HOSTING-FF-010,foundry-field
9,3600.0000,2027-10-31,10,AP-base-9-HOSTING-FF-011,0.0000,base,base-09-COST-HOSTING-FF-011,foundry-field
9,1800.0000,2027-10-31,10,AP-base-9-HOSTING-FF-012,0.0000,base,base-09-COST-HOSTING-FF-012,foundry-field
9,2400.0000,2027-10-31,10,AP-base-9-HOSTING-FF-013,0.0000,base,base-09-COST-HOSTING-FF-013,foundry-field
9,3000.0000,2027-10-31,10,AP-base-9-HOSTING-FF-014,0.0000,base,base-09-COST-HOSTING-FF-014,foundry-field
9,3600.0000,2027-10-31,10,AP-base-9-HOSTING-FF-015,0.0000,base,base-09-COST-HOSTING-FF-015,foundry-field
9,1800.0000,2027-10-31,10,AP-base-9-HOSTING-FF-016,0.0000,base,base-09-COST-HOSTING-FF-016,foundry-field
9,2400.0000,2027-10-31,10,AP-base-9-HOSTING-FF-017,0.0000,base,base-09-COST-HOSTING-FF-017,foundry-field
9,3000.0000,2027-10-31,10,AP-base-9-HOSTING-FF-018,0.0000,base,base-09-COST-HOSTING-FF-018,foundry-field
9,3600.0000,2027-10-31,10,AP-base-9-HOSTING-FF-019,0.0000,base,base-09-COST-HOSTING-FF-019,foundry-field
9,1800.0000,2027-10-31,10,AP-base-9-HOSTING-FF-020,0.0000,base,base-09-COST-HOSTING-FF-020,foundry-field
9,2400.0000,2027-10-31,10,AP-base-9-HOSTING-FF-021,0.0000,base,base-09-COST-HOSTING-FF-021,foundry-field
9,3000.0000,2027-10-31,10,AP-base-9-HOSTING-FF-022,0.0000,base,base-09-COST-HOSTING-FF-022,foundry-field
9,3600.0000,2027-10-31,10,AP-base-9-HOSTING-FF-023,0.0000,base,base-09-COST-HOSTING-FF-023,foundry-field
9,1800.0000,2027-10-31,10,AP-base-9-HOSTING-FF-024,0.0000,base,base-09-COST-HOSTING-FF-024,foundry-field
9,2400.0000,2027-10-31,10,AP-base-9-HOSTING-FF-025,0.0000,base,base-09-COST-HOSTING-FF-025,foundry-field
9,3000.0000,2027-10-31,10,AP-base-9-HOSTING-FF-026,0.0000,base,base-09-COST-HOSTING-FF-026,foundry-field
9,3600.0000,2027-10-31,10,AP-base-9-HOSTING-FF-027,0.0000,base,base-09-COST-HOSTING-FF-027,foundry-field
9,1800.0000,2027-10-31,10,AP-base-9-HOSTING-FF-028,0.0000,base,base-09-COST-HOSTING-FF-028,foundry-field
9,2400.0000,2027-10-31,10,AP-base-9-HOSTING-FF-029,0.0000,base,base-09-COST-HOSTING-FF-029,foundry-field
9,3000.0000,2027-10-31,10,AP-base-9-HOSTING-FF-030,0.0000,base,base-09-COST-HOSTING-FF-030,foundry-field
9,3600.0000,2027-10-31,10,AP-base-9-HOSTING-FF-031,0.0000,base,base-09-COST-HOSTING-FF-031,foundry-field
9,1800.0000,2027-10-31,10,AP-base-9-HOSTING-FF-032,0.0000,base,base-09-COST-HOSTING-FF-032,foundry-field
9,2400.0000,2027-10-31,10,AP-base-9-HOSTING-FF-033,0.0000,base,base-09-COST-HOSTING-FF-033,foundry-field
9,3000.0000,2027-10-31,10,AP-base-9-HOSTING-FF-034,0.0000,base,base-09-COST-HOSTING-FF-034,foundry-field
9,3600.0000,2027-10-31,10,AP-base-9-HOSTING-FF-035,0.0000,base,base-09-COST-HOSTING-FF-035,foundry-field
9,1800.0000,2027-10-31,10,AP-base-9-HOSTING-FF-036,0.0000,base,base-09-COST-HOSTING-FF-036,foundry-field
9,2400.0000,2027-10-31,10,AP-base-9-HOSTING-FF-037,0.0000,base,base-09-COST-HOSTING-FF-037,foundry-field
9,3600.0000,2027-10-31,10,AP-base-9-HOSTING-FF-039,0.0000,base,base-09-COST-HOSTING-FF-039,foundry-field
9,1400.0000,2027-10-31,10,AP-base-9-HOSTING-ATL-LIC-001,0.0000,base,base-09-COST-HOSTING-ATL-LIC-001,atlas-meridian
9,1600.0000,2027-10-31,10,AP-base-9-HOSTING-ATL-LIC-002,0.0000,base,base-09-COST-HOSTING-ATL-LIC-002,atlas-meridian
9,1800.0000,2027-10-31,10,AP-base-9-HOSTING-ATL-LIC-003,0.0000,base,base-09-COST-HOSTING-ATL-LIC-003,atlas-meridian
9,1200.0000,2027-10-31,10,AP-base-9-HOSTING-ATL-LIC-004,0.0000,base,base-09-COST-HOSTING-ATL-LIC-004,atlas-meridian
9,1400.0000,2027-10-31,10,AP-base-9-HOSTING-ATL-LIC-005,0.0000,base,base-09-COST-HOSTING-ATL-LIC-005,atlas-meridian
9,1600.0000,2027-10-31,10,AP-base-9-HOSTING-ATL-LIC-006,0.0000,base,base-09-COST-HOSTING-ATL-LIC-006,atlas-meridian
9,1800.0000,2027-10-31,10,AP-base-9-HOSTING-ATL-LIC-007,0.0000,base,base-09-COST-HOSTING-ATL-LIC-007,atlas-meridian
9,1200.0000,2027-10-31,10,AP-base-9-HOSTING-ATL-LIC-008,0.0000,base,base-09-COST-HOSTING-ATL-LIC-008,atlas-meridian
9,1400.0000,2027-10-31,10,AP-base-9-HOSTING-ATL-LIC-009,0.0000,base,base-09-COST-HOSTING-ATL-LIC-009,atlas-meridian
9,1400.0000,2027-10-31,10,AP-base-9-HOSTING-ATL-LIC-013,0.0000,base,base-09-COST-HOSTING-ATL-LIC-013,atlas-meridian
9,1600.0000,2027-10-31,10,AP-base-9-HOSTING-ATL-LIC-014,0.0000,base,base-09-COST-HOSTING-ATL-LIC-014,atlas-meridian
9,1800.0000,2027-10-31,10,AP-base-9-HOSTING-ATL-LIC-015,0.0000,base,base-09-COST-HOSTING-ATL-LIC-015,atlas-meridian
9,2940.0000,2027-10-31,10,AP-base-9-TRAVEL-ADV-2027-11-transfer-and-handover,0.0000,base,base-09-COST-TRAVEL-ADV-2027-11-transfer-and-handover,advisory
9,3360.0000,2027-10-31,10,AP-base-9-TRAVEL-ADV-2027-12-transfer-and-handover,0.0000,base,base-09-COST-TRAVEL-ADV-2027-12-transfer-and-handover,advisory
9,4200.0000,2027-10-31,10,AP-base-9-TRAVEL-ADV-2027-13-workflow-acceptance,0.0000,base,base-09-COST-TRAVEL-ADV-2027-13-workflow-acceptance,advisory
9,5040.0000,2027-10-31,10,AP-base-9-TRAVEL-ADV-2027-14-workflow-acceptance,0.0000,base,base-09-COST-TRAVEL-ADV-2027-14-workflow-acceptance,advisory
9,2940.0000,2027-10-31,10,AP-base-9-TRAVEL-ADV-2027-15-scope-and-diagnosis,0.0000,base,base-09-COST-TRAVEL-ADV-2027-15-scope-and-diagnosis,advisory
9,3360.0000,2027-10-31,10,AP-base-9-TRAVEL-ADV-2027-16-scope-and-diagnosis,0.0000,base,base-09-COST-TRAVEL-ADV-2027-16-scope-and-diagnosis,advisory
9,8550.0000,2027-10-31,10,AP-base-9-COMPUTE-ATL-2027-06-accepted-transfer,0.0000,base,base-09-COST-COMPUTE-ATL-2027-06-accepted-transfer,atlas-meridian
9,8550.0000,2027-10-31,10,AP-base-9-COMPUTE-ATL-2027-08-evaluated-workflow,0.0000,base,base-09-COST-COMPUTE-ATL-2027-08-evaluated-workflow,atlas-meridian
9,9000.0000,2027-10-31,10,AP-base-9-WIL-VIBRATION,0.0000,base,base-09-COST-WIL-VIBRATION,willow
9,18000.0000,2027-10-31,10,AP-base-9-WIL-CHEMISTRY,0.0000,base,base-09-COST-WIL-CHEMISTRY,willow
9,8000.0000,2027-10-31,10,AP-base-9-WIL-RF-RETEST-2027,0.0000,base,base-09-COST-WIL-RF-RETEST-2027,willow
9,8580.0000,2027-10-31,10,AP-base-9-PROCESS-STREAM17-base-09,0.0000,base,base-09-COST-PROCESS-STREAM17-base-09,project-cradle
9,18500.0000,2027-10-31,10,AP-base-9-PROCESS-DEMOTTE-base-09,0.0000,base,base-09-COST-PROCESS-DEMOTTE-base-09,project-cradle
10,113000.0000,2027-11-30,11,AP-base-10-ESS-FACILITY-VENDORS,0.0000,base,base-10-COST-ESS-FACILITY-VENDORS,corporate
10,2400.0000,2027-11-30,11,AP-base-10-HOSTING-FF-001,0.0000,base,base-10-COST-HOSTING-FF-001,foundry-field
10,3000.0000,2027-11-30,11,AP-base-10-HOSTING-FF-002,0.0000,base,base-10-COST-HOSTING-FF-002,foundry-field
10,3600.0000,2027-11-30,11,AP-base-10-HOSTING-FF-003,0.0000,base,base-10-COST-HOSTING-FF-003,foundry-field
10,2400.0000,2027-11-30,11,AP-base-10-HOSTING-FF-005,0.0000,base,base-10-COST-HOSTING-FF-005,foundry-field
10,3000.0000,2027-11-30,11,AP-base-10-HOSTING-FF-006,0.0000,base,base-10-COST-HOSTING-FF-006,foundry-field
10,3600.0000,2027-11-30,11,AP-base-10-HOSTING-FF-007,0.0000,base,base-10-COST-HOSTING-FF-007,foundry-field
10,1800.0000,2027-11-30,11,AP-base-10-HOSTING-FF-008,0.0000,base,base-10-COST-HOSTING-FF-008,foundry-field
10,2400.0000,2027-11-30,11,AP-base-10-HOSTING-FF-009,0.0000,base,base-10-COST-HOSTING-FF-009,foundry-field
10,3000.0000,2027-11-30,11,AP-base-10-HOSTING-FF-010,0.0000,base,base-10-COST-HOSTING-FF-010,foundry-field
10,3600.0000,2027-11-30,11,AP-base-10-HOSTING-FF-011,0.0000,base,base-10-COST-HOSTING-FF-011,foundry-field
10,1800.0000,2027-11-30,11,AP-base-10-HOSTING-FF-012,0.0000,base,base-10-COST-HOSTING-FF-012,foundry-field
10,2400.0000,2027-11-30,11,AP-base-10-HOSTING-FF-013,0.0000,base,base-10-COST-HOSTING-FF-013,foundry-field
10,3000.0000,2027-11-30,11,AP-base-10-HOSTING-FF-014,0.0000,base,base-10-COST-HOSTING-FF-014,foundry-field
10,3600.0000,2027-11-30,11,AP-base-10-HOSTING-FF-015,0.0000,base,base-10-COST-HOSTING-FF-015,foundry-field
10,1800.0000,2027-11-30,11,AP-base-10-HOSTING-FF-016,0.0000,base,base-10-COST-HOSTING-FF-016,foundry-field
10,2400.0000,2027-11-30,11,AP-base-10-HOSTING-FF-017,0.0000,base,base-10-COST-HOSTING-FF-017,foundry-field
10,3000.0000,2027-11-30,11,AP-base-10-HOSTING-FF-018,0.0000,base,base-10-COST-HOSTING-FF-018,foundry-field
10,3600.0000,2027-11-30,11,AP-base-10-HOSTING-FF-019,0.0000,base,base-10-COST-HOSTING-FF-019,foundry-field
10,1800.0000,2027-11-30,11,AP-base-10-HOSTING-FF-020,0.0000,base,base-10-COST-HOSTING-FF-020,foundry-field
10,2400.0000,2027-11-30,11,AP-base-10-HOSTING-FF-021,0.0000,base,base-10-COST-HOSTING-FF-021,foundry-field
10,3000.0000,2027-11-30,11,AP-base-10-HOSTING-FF-022,0.0000,base,base-10-COST-HOSTING-FF-022,foundry-field
10,3600.0000,2027-11-30,11,AP-base-10-HOSTING-FF-023,0.0000,base,base-10-COST-HOSTING-FF-023,foundry-field
10,1800.0000,2027-11-30,11,AP-base-10-HOSTING-FF-024,0.0000,base,base-10-COST-HOSTING-FF-024,foundry-field
10,2400.0000,2027-11-30,11,AP-base-10-HOSTING-FF-025,0.0000,base,base-10-COST-HOSTING-FF-025,foundry-field
10,3000.0000,2027-11-30,11,AP-base-10-HOSTING-FF-026,0.0000,base,base-10-COST-HOSTING-FF-026,foundry-field
10,3600.0000,2027-11-30,11,AP-base-10-HOSTING-FF-027,0.0000,base,base-10-COST-HOSTING-FF-027,foundry-field
10,1800.0000,2027-11-30,11,AP-base-10-HOSTING-FF-028,0.0000,base,base-10-COST-HOSTING-FF-028,foundry-field
10,2400.0000,2027-11-30,11,AP-base-10-HOSTING-FF-029,0.0000,base,base-10-COST-HOSTING-FF-029,foundry-field
10,3000.0000,2027-11-30,11,AP-base-10-HOSTING-FF-030,0.0000,base,base-10-COST-HOSTING-FF-030,foundry-field
10,3600.0000,2027-11-30,11,AP-base-10-HOSTING-FF-031,0.0000,base,base-10-COST-HOSTING-FF-031,foundry-field
10,1800.0000,2027-11-30,11,AP-base-10-HOSTING-FF-032,0.0000,base,base-10-COST-HOSTING-FF-032,foundry-field
10,2400.0000,2027-11-30,11,AP-base-10-HOSTING-FF-033,0.0000,base,base-10-COST-HOSTING-FF-033,foundry-field
10,3000.0000,2027-11-30,11,AP-base-10-HOSTING-FF-034,0.0000,base,base-10-COST-HOSTING-FF-034,foundry-field
10,3600.0000,2027-11-30,11,AP-base-10-HOSTING-FF-035,0.0000,base,base-10-COST-HOSTING-FF-035,foundry-field
10,1800.0000,2027-11-30,11,AP-base-10-HOSTING-FF-036,0.0000,base,base-10-COST-HOSTING-FF-036,foundry-field
10,2400.0000,2027-11-30,11,AP-base-10-HOSTING-FF-037,0.0000,base,base-10-COST-HOSTING-FF-037,foundry-field
10,3600.0000,2027-11-30,11,AP-base-10-HOSTING-FF-039,0.0000,base,base-10-COST-HOSTING-FF-039,foundry-field
10,1800.0000,2027-11-30,11,AP-base-10-HOSTING-FF-040,0.0000,base,base-10-COST-HOSTING-FF-040,foundry-field
10,1400.0000,2027-11-30,11,AP-base-10-HOSTING-ATL-LIC-001,0.0000,base,base-10-COST-HOSTING-ATL-LIC-001,atlas-meridian
10,1600.0000,2027-11-30,11,AP-base-10-HOSTING-ATL-LIC-002,0.0000,base,base-10-COST-HOSTING-ATL-LIC-002,atlas-meridian
10,1800.0000,2027-11-30,11,AP-base-10-HOSTING-ATL-LIC-003,0.0000,base,base-10-COST-HOSTING-ATL-LIC-003,atlas-meridian
10,1200.0000,2027-11-30,11,AP-base-10-HOSTING-ATL-LIC-004,0.0000,base,base-10-COST-HOSTING-ATL-LIC-004,atlas-meridian
10,1400.0000,2027-11-30,11,AP-base-10-HOSTING-ATL-LIC-005,0.0000,base,base-10-COST-HOSTING-ATL-LIC-005,atlas-meridian
10,1600.0000,2027-11-30,11,AP-base-10-HOSTING-ATL-LIC-006,0.0000,base,base-10-COST-HOSTING-ATL-LIC-006,atlas-meridian
10,1800.0000,2027-11-30,11,AP-base-10-HOSTING-ATL-LIC-007,0.0000,base,base-10-COST-HOSTING-ATL-LIC-007,atlas-meridian
10,1200.0000,2027-11-30,11,AP-base-10-HOSTING-ATL-LIC-008,0.0000,base,base-10-COST-HOSTING-ATL-LIC-008,atlas-meridian
10,1400.0000,2027-11-30,11,AP-base-10-HOSTING-ATL-LIC-009,0.0000,base,base-10-COST-HOSTING-ATL-LIC-009,atlas-meridian
10,1600.0000,2027-11-30,11,AP-base-10-HOSTING-ATL-LIC-010,0.0000,base,base-10-COST-HOSTING-ATL-LIC-010,atlas-meridian
10,1400.0000,2027-11-30,11,AP-base-10-HOSTING-ATL-LIC-013,0.0000,base,base-10-COST-HOSTING-ATL-LIC-013,atlas-meridian
10,1600.0000,2027-11-30,11,AP-base-10-HOSTING-ATL-LIC-014,0.0000,base,base-10-COST-HOSTING-ATL-LIC-014,atlas-meridian
10,1800.0000,2027-11-30,11,AP-base-10-HOSTING-ATL-LIC-015,0.0000,base,base-10-COST-HOSTING-ATL-LIC-015,atlas-meridian
10,2100.0000,2027-11-30,11,AP-base-10-TRAVEL-ADV-2027-13-transfer-and-handover,0.0000,base,base-10-COST-TRAVEL-ADV-2027-13-transfer-and-handover,advisory
10,2520.0000,2027-11-30,11,AP-base-10-TRAVEL-ADV-2027-14-transfer-and-handover,0.0000,base,base-10-COST-TRAVEL-ADV-2027-14-transfer-and-handover,advisory
10,6762.0000,2027-11-30,11,AP-base-10-TRAVEL-ADV-2027-15-workflow-acceptance,0.0000,base,base-10-COST-TRAVEL-ADV-2027-15-workflow-acceptance,advisory
10,6720.0000,2027-11-30,11,AP-base-10-TRAVEL-ADV-2027-16-workflow-acceptance,0.0000,base,base-10-COST-TRAVEL-ADV-2027-16-workflow-acceptance,advisory
10,2100.0000,2027-11-30,11,AP-base-10-TRAVEL-ADV-2027-17-scope-and-diagnosis,0.0000,base,base-10-COST-TRAVEL-ADV-2027-17-scope-and-diagnosis,advisory
10,2520.0000,2027-11-30,11,AP-base-10-TRAVEL-ADV-2027-18-scope-and-diagnosis,0.0000,base,base-10-COST-TRAVEL-ADV-2027-18-scope-and-diagnosis,advisory
10,8550.0000,2027-11-30,11,AP-base-10-COMPUTE-ATL-2027-07-accepted-transfer,0.0000,base,base-10-COST-COMPUTE-ATL-2027-07-accepted-transfer,atlas-meridian
10,18000.0000,2027-11-30,11,AP-base-10-WIL-CHEMISTRY,0.0000,base,base-10-COST-WIL-CHEMISTRY,willow
10,8000.0000,2027-11-30,11,AP-base-10-WIL-RF-RETEST-2027,0.0000,base,base-10-COST-WIL-RF-RETEST-2027,willow
10,8580.0000,2027-11-30,11,AP-base-10-PROCESS-STREAM17-base-10,0.0000,base,base-10-COST-PROCESS-STREAM17-base-10,project-cradle
10,18500.0000,2027-11-30,11,AP-base-10-PROCESS-DEMOTTE-base-10,0.0000,base,base-10-COST-PROCESS-DEMOTTE-base-10,project-cradle
10,3979.8000,2027-11-30,11,AP-base-10-FREIGHT-STREAM17-base-09,0.0000,base,base-10-COST-FREIGHT-STREAM17-base-09,project-cradle
11,113000.0000,2027-12-31,12,AP-base-11-ESS-FACILITY-VENDORS,0.0000,base,base-11-COST-ESS-FACILITY-VENDORS,corporate
11,2400.0000,2027-12-31,12,AP-base-11-HOSTING-FF-001,0.0000,base,base-11-COST-HOSTING-FF-001,foundry-field
11,3000.0000,2027-12-31,12,AP-base-11-HOSTING-FF-002,0.0000,base,base-11-COST-HOSTING-FF-002,foundry-field
11,3600.0000,2027-12-31,12,AP-base-11-HOSTING-FF-003,0.0000,base,base-11-COST-HOSTING-FF-003,foundry-field
11,2400.0000,2027-12-31,12,AP-base-11-HOSTING-FF-005,0.0000,base,base-11-COST-HOSTING-FF-005,foundry-field
11,3000.0000,2027-12-31,12,AP-base-11-HOSTING-FF-006,0.0000,base,base-11-COST-HOSTING-FF-006,foundry-field
11,3600.0000,2027-12-31,12,AP-base-11-HOSTING-FF-007,0.0000,base,base-11-COST-HOSTING-FF-007,foundry-field
11,1800.0000,2027-12-31,12,AP-base-11-HOSTING-FF-008,0.0000,base,base-11-COST-HOSTING-FF-008,foundry-field
11,2400.0000,2027-12-31,12,AP-base-11-HOSTING-FF-009,0.0000,base,base-11-COST-HOSTING-FF-009,foundry-field
11,3000.0000,2027-12-31,12,AP-base-11-HOSTING-FF-010,0.0000,base,base-11-COST-HOSTING-FF-010,foundry-field
11,3600.0000,2027-12-31,12,AP-base-11-HOSTING-FF-011,0.0000,base,base-11-COST-HOSTING-FF-011,foundry-field
11,1800.0000,2027-12-31,12,AP-base-11-HOSTING-FF-012,0.0000,base,base-11-COST-HOSTING-FF-012,foundry-field
11,2400.0000,2027-12-31,12,AP-base-11-HOSTING-FF-013,0.0000,base,base-11-COST-HOSTING-FF-013,foundry-field
11,3000.0000,2027-12-31,12,AP-base-11-HOSTING-FF-014,0.0000,base,base-11-COST-HOSTING-FF-014,foundry-field
11,3600.0000,2027-12-31,12,AP-base-11-HOSTING-FF-015,0.0000,base,base-11-COST-HOSTING-FF-015,foundry-field
11,1800.0000,2027-12-31,12,AP-base-11-HOSTING-FF-016,0.0000,base,base-11-COST-HOSTING-FF-016,foundry-field
11,2400.0000,2027-12-31,12,AP-base-11-HOSTING-FF-017,0.0000,base,base-11-COST-HOSTING-FF-017,foundry-field
11,3000.0000,2027-12-31,12,AP-base-11-HOSTING-FF-018,0.0000,base,base-11-COST-HOSTING-FF-018,foundry-field
11,3600.0000,2027-12-31,12,AP-base-11-HOSTING-FF-019,0.0000,base,base-11-COST-HOSTING-FF-019,foundry-field
11,1800.0000,2027-12-31,12,AP-base-11-HOSTING-FF-020,0.0000,base,base-11-COST-HOSTING-FF-020,foundry-field
11,2400.0000,2027-12-31,12,AP-base-11-HOSTING-FF-021,0.0000,base,base-11-COST-HOSTING-FF-021,foundry-field
11,3000.0000,2027-12-31,12,AP-base-11-HOSTING-FF-022,0.0000,base,base-11-COST-HOSTING-FF-022,foundry-field
11,3600.0000,2027-12-31,12,AP-base-11-HOSTING-FF-023,0.0000,base,base-11-COST-HOSTING-FF-023,foundry-field
11,1800.0000,2027-12-31,12,AP-base-11-HOSTING-FF-024,0.0000,base,base-11-COST-HOSTING-FF-024,foundry-field
11,2400.0000,2027-12-31,12,AP-base-11-HOSTING-FF-025,0.0000,base,base-11-COST-HOSTING-FF-025,foundry-field
11,3000.0000,2027-12-31,12,AP-base-11-HOSTING-FF-026,0.0000,base,base-11-COST-HOSTING-FF-026,foundry-field
11,3600.0000,2027-12-31,12,AP-base-11-HOSTING-FF-027,0.0000,base,base-11-COST-HOSTING-FF-027,foundry-field
11,1800.0000,2027-12-31,12,AP-base-11-HOSTING-FF-028,0.0000,base,base-11-COST-HOSTING-FF-028,foundry-field
11,2400.0000,2027-12-31,12,AP-base-11-HOSTING-FF-029,0.0000,base,base-11-COST-HOSTING-FF-029,foundry-field
11,3000.0000,2027-12-31,12,AP-base-11-HOSTING-FF-030,0.0000,base,base-11-COST-HOSTING-FF-030,foundry-field
11,3600.0000,2027-12-31,12,AP-base-11-HOSTING-FF-031,0.0000,base,base-11-COST-HOSTING-FF-031,foundry-field
11,1800.0000,2027-12-31,12,AP-base-11-HOSTING-FF-032,0.0000,base,base-11-COST-HOSTING-FF-032,foundry-field
11,2400.0000,2027-12-31,12,AP-base-11-HOSTING-FF-033,0.0000,base,base-11-COST-HOSTING-FF-033,foundry-field
11,3000.0000,2027-12-31,12,AP-base-11-HOSTING-FF-034,0.0000,base,base-11-COST-HOSTING-FF-034,foundry-field
11,3600.0000,2027-12-31,12,AP-base-11-HOSTING-FF-035,0.0000,base,base-11-COST-HOSTING-FF-035,foundry-field
11,1800.0000,2027-12-31,12,AP-base-11-HOSTING-FF-036,0.0000,base,base-11-COST-HOSTING-FF-036,foundry-field
11,2400.0000,2027-12-31,12,AP-base-11-HOSTING-FF-037,0.0000,base,base-11-COST-HOSTING-FF-037,foundry-field
11,3600.0000,2027-12-31,12,AP-base-11-HOSTING-FF-039,0.0000,base,base-11-COST-HOSTING-FF-039,foundry-field
11,1800.0000,2027-12-31,12,AP-base-11-HOSTING-FF-040,0.0000,base,base-11-COST-HOSTING-FF-040,foundry-field
11,2400.0000,2027-12-31,12,AP-base-11-HOSTING-FF-041,0.0000,base,base-11-COST-HOSTING-FF-041,foundry-field
11,1400.0000,2027-12-31,12,AP-base-11-HOSTING-ATL-LIC-001,0.0000,base,base-11-COST-HOSTING-ATL-LIC-001,atlas-meridian
11,1600.0000,2027-12-31,12,AP-base-11-HOSTING-ATL-LIC-002,0.0000,base,base-11-COST-HOSTING-ATL-LIC-002,atlas-meridian
11,1800.0000,2027-12-31,12,AP-base-11-HOSTING-ATL-LIC-003,0.0000,base,base-11-COST-HOSTING-ATL-LIC-003,atlas-meridian
11,1200.0000,2027-12-31,12,AP-base-11-HOSTING-ATL-LIC-004,0.0000,base,base-11-COST-HOSTING-ATL-LIC-004,atlas-meridian
11,1400.0000,2027-12-31,12,AP-base-11-HOSTING-ATL-LIC-005,0.0000,base,base-11-COST-HOSTING-ATL-LIC-005,atlas-meridian
11,1600.0000,2027-12-31,12,AP-base-11-HOSTING-ATL-LIC-006,0.0000,base,base-11-COST-HOSTING-ATL-LIC-006,atlas-meridian
11,1800.0000,2027-12-31,12,AP-base-11-HOSTING-ATL-LIC-007,0.0000,base,base-11-COST-HOSTING-ATL-LIC-007,atlas-meridian
11,1200.0000,2027-12-31,12,AP-base-11-HOSTING-ATL-LIC-008,0.0000,base,base-11-COST-HOSTING-ATL-LIC-008,atlas-meridian
11,1400.0000,2027-12-31,12,AP-base-11-HOSTING-ATL-LIC-009,0.0000,base,base-11-COST-HOSTING-ATL-LIC-009,atlas-meridian
11,1600.0000,2027-12-31,12,AP-base-11-HOSTING-ATL-LIC-010,0.0000,base,base-11-COST-HOSTING-ATL-LIC-010,atlas-meridian
11,1800.0000,2027-12-31,12,AP-base-11-HOSTING-ATL-LIC-011,0.0000,base,base-11-COST-HOSTING-ATL-LIC-011,atlas-meridian
11,1400.0000,2027-12-31,12,AP-base-11-HOSTING-ATL-LIC-013,0.0000,base,base-11-COST-HOSTING-ATL-LIC-013,atlas-meridian
11,1600.0000,2027-12-31,12,AP-base-11-HOSTING-ATL-LIC-014,0.0000,base,base-11-COST-HOSTING-ATL-LIC-014,atlas-meridian
11,1800.0000,2027-12-31,12,AP-base-11-HOSTING-ATL-LIC-015,0.0000,base,base-11-COST-HOSTING-ATL-LIC-015,atlas-meridian
11,2940.0000,2027-12-31,12,AP-base-11-TRAVEL-ADV-2027-15-transfer-and-handover,0.0000,base,base-11-COST-TRAVEL-ADV-2027-15-transfer-and-handover,advisory
11,3360.0000,2027-12-31,12,AP-base-11-TRAVEL-ADV-2027-16-transfer-and-handover,0.0000,base,base-11-COST-TRAVEL-ADV-2027-16-transfer-and-handover,advisory
11,4200.0000,2027-12-31,12,AP-base-11-TRAVEL-ADV-2027-17-workflow-acceptance,0.0000,base,base-11-COST-TRAVEL-ADV-2027-17-workflow-acceptance,advisory
11,5040.0000,2027-12-31,12,AP-base-11-TRAVEL-ADV-2027-18-workflow-acceptance,0.0000,base,base-11-COST-TRAVEL-ADV-2027-18-workflow-acceptance,advisory
11,2940.0000,2027-12-31,12,AP-base-11-TRAVEL-ADV-2027-19-scope-and-diagnosis,0.0000,base,base-11-COST-TRAVEL-ADV-2027-19-scope-and-diagnosis,advisory
11,3360.0000,2027-12-31,12,AP-base-11-TRAVEL-ADV-2027-20-scope-and-diagnosis,0.0000,base,base-11-COST-TRAVEL-ADV-2027-20-scope-and-diagnosis,advisory
11,8550.0000,2027-12-31,12,AP-base-11-COMPUTE-ATL-2027-08-accepted-transfer,0.0000,base,base-11-COST-COMPUTE-ATL-2027-08-accepted-transfer,atlas-meridian
11,8580.0000,2027-12-31,12,AP-base-11-PROCESS-STREAM17-base-11,0.0000,base,base-11-COST-PROCESS-STREAM17-base-11,project-cradle
11,18500.0000,2027-12-31,12,AP-base-11-PROCESS-DEMOTTE-base-11,0.0000,base,base-11-COST-PROCESS-DEMOTTE-base-11,project-cradle
11,3979.8000,2027-12-31,12,AP-base-11-FREIGHT-STREAM17-base-10,0.0000,base,base-11-COST-FREIGHT-STREAM17-base-10,project-cradle
12,113375.0000,2028-01-31,13,AP-base-12-ESS-FACILITY-VENDORS,0.0000,base,base-12-COST-ESS-FACILITY-VENDORS,corporate
12,2400.0000,2028-01-31,13,AP-base-12-HOSTING-FF-001,0.0000,base,base-12-COST-HOSTING-FF-001,foundry-field
12,3000.0000,2028-01-31,13,AP-base-12-HOSTING-FF-002,0.0000,base,base-12-COST-HOSTING-FF-002,foundry-field
12,3600.0000,2028-01-31,13,AP-base-12-HOSTING-FF-003,0.0000,base,base-12-COST-HOSTING-FF-003,foundry-field
12,2400.0000,2028-01-31,13,AP-base-12-HOSTING-FF-005,0.0000,base,base-12-COST-HOSTING-FF-005,foundry-field
12,3000.0000,2028-01-31,13,AP-base-12-HOSTING-FF-006,0.0000,base,base-12-COST-HOSTING-FF-006,foundry-field
12,3600.0000,2028-01-31,13,AP-base-12-HOSTING-FF-007,0.0000,base,base-12-COST-HOSTING-FF-007,foundry-field
12,1800.0000,2028-01-31,13,AP-base-12-HOSTING-FF-008,0.0000,base,base-12-COST-HOSTING-FF-008,foundry-field
12,2400.0000,2028-01-31,13,AP-base-12-HOSTING-FF-009,0.0000,base,base-12-COST-HOSTING-FF-009,foundry-field
12,3000.0000,2028-01-31,13,AP-base-12-HOSTING-FF-010,0.0000,base,base-12-COST-HOSTING-FF-010,foundry-field
12,3600.0000,2028-01-31,13,AP-base-12-HOSTING-FF-011,0.0000,base,base-12-COST-HOSTING-FF-011,foundry-field
12,1800.0000,2028-01-31,13,AP-base-12-HOSTING-FF-012,0.0000,base,base-12-COST-HOSTING-FF-012,foundry-field
12,2400.0000,2028-01-31,13,AP-base-12-HOSTING-FF-013,0.0000,base,base-12-COST-HOSTING-FF-013,foundry-field
12,3000.0000,2028-01-31,13,AP-base-12-HOSTING-FF-014,0.0000,base,base-12-COST-HOSTING-FF-014,foundry-field
12,3600.0000,2028-01-31,13,AP-base-12-HOSTING-FF-015,0.0000,base,base-12-COST-HOSTING-FF-015,foundry-field
12,1800.0000,2028-01-31,13,AP-base-12-HOSTING-FF-016,0.0000,base,base-12-COST-HOSTING-FF-016,foundry-field
12,2400.0000,2028-01-31,13,AP-base-12-HOSTING-FF-017,0.0000,base,base-12-COST-HOSTING-FF-017,foundry-field
12,3000.0000,2028-01-31,13,AP-base-12-HOSTING-FF-018,0.0000,base,base-12-COST-HOSTING-FF-018,foundry-field
12,3600.0000,2028-01-31,13,AP-base-12-HOSTING-FF-019,0.0000,base,base-12-COST-HOSTING-FF-019,foundry-field
12,1800.0000,2028-01-31,13,AP-base-12-HOSTING-FF-020,0.0000,base,base-12-COST-HOSTING-FF-020,foundry-field
12,2400.0000,2028-01-31,13,AP-base-12-HOSTING-FF-021,0.0000,base,base-12-COST-HOSTING-FF-021,foundry-field
12,3000.0000,2028-01-31,13,AP-base-12-HOSTING-FF-022,0.0000,base,base-12-COST-HOSTING-FF-022,foundry-field
12,3600.0000,2028-01-31,13,AP-base-12-HOSTING-FF-023,0.0000,base,base-12-COST-HOSTING-FF-023,foundry-field
12,1800.0000,2028-01-31,13,AP-base-12-HOSTING-FF-024,0.0000,base,base-12-COST-HOSTING-FF-024,foundry-field
12,2400.0000,2028-01-31,13,AP-base-12-HOSTING-FF-025,0.0000,base,base-12-COST-HOSTING-FF-025,foundry-field
12,3000.0000,2028-01-31,13,AP-base-12-HOSTING-FF-026,0.0000,base,base-12-COST-HOSTING-FF-026,foundry-field
12,3600.0000,2028-01-31,13,AP-base-12-HOSTING-FF-027,0.0000,base,base-12-COST-HOSTING-FF-027,foundry-field
12,1800.0000,2028-01-31,13,AP-base-12-HOSTING-FF-028,0.0000,base,base-12-COST-HOSTING-FF-028,foundry-field
12,2400.0000,2028-01-31,13,AP-base-12-HOSTING-FF-029,0.0000,base,base-12-COST-HOSTING-FF-029,foundry-field
12,3000.0000,2028-01-31,13,AP-base-12-HOSTING-FF-030,0.0000,base,base-12-COST-HOSTING-FF-030,foundry-field
12,3600.0000,2028-01-31,13,AP-base-12-HOSTING-FF-031,0.0000,base,base-12-COST-HOSTING-FF-031,foundry-field
12,1800.0000,2028-01-31,13,AP-base-12-HOSTING-FF-032,0.0000,base,base-12-COST-HOSTING-FF-032,foundry-field
12,2400.0000,2028-01-31,13,AP-base-12-HOSTING-FF-033,0.0000,base,base-12-COST-HOSTING-FF-033,foundry-field
12,3000.0000,2028-01-31,13,AP-base-12-HOSTING-FF-034,0.0000,base,base-12-COST-HOSTING-FF-034,foundry-field
12,3600.0000,2028-01-31,13,AP-base-12-HOSTING-FF-035,0.0000,base,base-12-COST-HOSTING-FF-035,foundry-field
12,1800.0000,2028-01-31,13,AP-base-12-HOSTING-FF-036,0.0000,base,base-12-COST-HOSTING-FF-036,foundry-field
12,2400.0000,2028-01-31,13,AP-base-12-HOSTING-FF-037,0.0000,base,base-12-COST-HOSTING-FF-037,foundry-field
12,3600.0000,2028-01-31,13,AP-base-12-HOSTING-FF-039,0.0000,base,base-12-COST-HOSTING-FF-039,foundry-field
12,1800.0000,2028-01-31,13,AP-base-12-HOSTING-FF-040,0.0000,base,base-12-COST-HOSTING-FF-040,foundry-field
12,2400.0000,2028-01-31,13,AP-base-12-HOSTING-FF-041,0.0000,base,base-12-COST-HOSTING-FF-041,foundry-field
12,3000.0000,2028-01-31,13,AP-base-12-HOSTING-FF-042,0.0000,base,base-12-COST-HOSTING-FF-042,foundry-field
12,1400.0000,2028-01-31,13,AP-base-12-HOSTING-ATL-LIC-001,0.0000,base,base-12-COST-HOSTING-ATL-LIC-001,atlas-meridian
12,1600.0000,2028-01-31,13,AP-base-12-HOSTING-ATL-LIC-002,0.0000,base,base-12-COST-HOSTING-ATL-LIC-002,atlas-meridian
12,1800.0000,2028-01-31,13,AP-base-12-HOSTING-ATL-LIC-003,0.0000,base,base-12-COST-HOSTING-ATL-LIC-003,atlas-meridian
12,1200.0000,2028-01-31,13,AP-base-12-HOSTING-ATL-LIC-004,0.0000,base,base-12-COST-HOSTING-ATL-LIC-004,atlas-meridian
12,1400.0000,2028-01-31,13,AP-base-12-HOSTING-ATL-LIC-005,0.0000,base,base-12-COST-HOSTING-ATL-LIC-005,atlas-meridian
12,1600.0000,2028-01-31,13,AP-base-12-HOSTING-ATL-LIC-006,0.0000,base,base-12-COST-HOSTING-ATL-LIC-006,atlas-meridian
12,1800.0000,2028-01-31,13,AP-base-12-HOSTING-ATL-LIC-007,0.0000,base,base-12-COST-HOSTING-ATL-LIC-007,atlas-meridian
12,1200.0000,2028-01-31,13,AP-base-12-HOSTING-ATL-LIC-008,0.0000,base,base-12-COST-HOSTING-ATL-LIC-008,atlas-meridian
12,1400.0000,2028-01-31,13,AP-base-12-HOSTING-ATL-LIC-009,0.0000,base,base-12-COST-HOSTING-ATL-LIC-009,atlas-meridian
12,1600.0000,2028-01-31,13,AP-base-12-HOSTING-ATL-LIC-010,0.0000,base,base-12-COST-HOSTING-ATL-LIC-010,atlas-meridian
12,1800.0000,2028-01-31,13,AP-base-12-HOSTING-ATL-LIC-011,0.0000,base,base-12-COST-HOSTING-ATL-LIC-011,atlas-meridian
12,1200.0000,2028-01-31,13,AP-base-12-HOSTING-ATL-LIC-012,0.0000,base,base-12-COST-HOSTING-ATL-LIC-012,atlas-meridian
12,1400.0000,2028-01-31,13,AP-base-12-HOSTING-ATL-LIC-013,0.0000,base,base-12-COST-HOSTING-ATL-LIC-013,atlas-meridian
12,1600.0000,2028-01-31,13,AP-base-12-HOSTING-ATL-LIC-014,0.0000,base,base-12-COST-HOSTING-ATL-LIC-014,atlas-meridian
12,1800.0000,2028-01-31,13,AP-base-12-HOSTING-ATL-LIC-015,0.0000,base,base-12-COST-HOSTING-ATL-LIC-015,atlas-meridian
12,2100.0000,2028-01-31,13,AP-base-12-TRAVEL-ADV-2027-17-transfer-and-handover,0.0000,base,base-12-COST-TRAVEL-ADV-2027-17-transfer-and-handover,advisory
12,2520.0000,2028-01-31,13,AP-base-12-TRAVEL-ADV-2027-18-transfer-and-handover,0.0000,base,base-12-COST-TRAVEL-ADV-2027-18-transfer-and-handover,advisory
12,5880.0000,2028-01-31,13,AP-base-12-TRAVEL-ADV-2027-19-workflow-acceptance,0.0000,base,base-12-COST-TRAVEL-ADV-2027-19-workflow-acceptance,advisory
12,6720.0000,2028-01-31,13,AP-base-12-TRAVEL-ADV-2027-20-workflow-acceptance,0.0000,base,base-12-COST-TRAVEL-ADV-2027-20-workflow-acceptance,advisory
12,2100.0000,2028-01-31,13,AP-base-12-TRAVEL-ADV-2027-21-scope-and-diagnosis,0.0000,base,base-12-COST-TRAVEL-ADV-2027-21-scope-and-diagnosis,advisory
12,2520.0000,2028-01-31,13,AP-base-12-TRAVEL-ADV-2027-22-scope-and-diagnosis,0.0000,base,base-12-COST-TRAVEL-ADV-2027-22-scope-and-diagnosis,advisory
12,8580.0000,2028-01-31,13,AP-base-12-PROCESS-STREAM17-base-12,0.0000,base,base-12-COST-PROCESS-STREAM17-base-12,project-cradle
12,18500.0000,2028-01-31,13,AP-base-12-PROCESS-DEMOTTE-base-12,0.0000,base,base-12-COST-PROCESS-DEMOTTE-base-12,project-cradle
12,3979.8000,2028-01-31,13,AP-base-12-FREIGHT-STREAM17-base-11,0.0000,base,base-12-COST-FREIGHT-STREAM17-base-11,project-cradle
