cash_flow,closing_unpaid_usd,funded_in_period_usd,obligation_id,period,scenario,unit
OPERATING,0.0000,497024.0000,OB-base-ENT-base-0000402-1610,2027-01-31,base,corporate
OPERATING,0.0000,791531.9000,OB-base-ENT-base-0000403-1612,2027-01-31,base,corporate
OPERATING,0.0000,191208.3333,OB-base-ENT-base-0000406-1616,2027-01-31,base,corporate
OPERATING,0.0000,1933333.3280,OB-base-ENT-base-0000408-1620,2027-01-31,base,foundry-field
OPERATING,0.0000,524999.9988,OB-base-ENT-base-0000409-1622,2027-01-31,base,atlas-meridian
OPERATING,0.0000,418333.3344,OB-base-ENT-base-0000410-1624,2027-01-31,base,advisory
OPERATING,0.0000,295000.0000,OB-base-ENT-base-0000411-1626,2027-01-31,base,willow
OPERATING,0.0000,187500.0006,OB-base-ENT-base-0000412-1628,2027-01-31,base,project-cradle
OPERATING,0.0000,2834999.9956,OB-base-ENT-base-0000413-1630,2027-01-31,base,corporate
INVESTING,0.0000,240000.0000,OB-base-ENT-base-0000534-1872,2027-01-31,base,willow
INVESTING,0.0000,320000.0000,OB-base-ENT-base-0000535-1874,2027-01-31,base,project-cradle
FINANCING,0.0000,100000.0000,OB-base-ENT-base-0000407-1618,2027-01-31,base,corporate
OPERATING,0.0000,190666.6667,OB-base-ENT-base-0000572-2004,2027-02-28,base,corporate
OPERATING,0.0000,113000.0000,OB-base-ENT-base-0000613-2086,2027-02-28,base,corporate
OPERATING,0.0000,2400.0000,OB-base-ENT-base-0000614-2088,2027-02-28,base,foundry-field
OPERATING,0.0000,3000.0000,OB-base-ENT-base-0000615-2090,2027-02-28,base,foundry-field
OPERATING,0.0000,3600.0000,OB-base-ENT-base-0000616-2092,2027-02-28,base,foundry-field
OPERATING,0.0000,1800.0000,OB-base-ENT-base-0000617-2094,2027-02-28,base,foundry-field
OPERATING,0.0000,2400.0000,OB-base-ENT-base-0000618-2096,2027-02-28,base,foundry-field
OPERATING,0.0000,3000.0000,OB-base-ENT-base-0000619-2098,2027-02-28,base,foundry-field
OPERATING,0.0000,3600.0000,OB-base-ENT-base-0000620-2100,2027-02-28,base,foundry-field
OPERATING,0.0000,1800.0000,OB-base-ENT-base-0000621-2102,2027-02-28,base,foundry-field
OPERATING,0.0000,2400.0000,OB-base-ENT-base-0000622-2104,2027-02-28,base,foundry-field
OPERATING,0.0000,3000.0000,OB-base-ENT-base-0000623-2106,2027-02-28,base,foundry-field
OPERATING,0.0000,3600.0000,OB-base-ENT-base-0000624-2108,2027-02-28,base,foundry-field
OPERATING,0.0000,1800.0000,OB-base-ENT-base-0000625-2110,2027-02-28,base,foundry-field
OPERATING,0.0000,2400.0000,OB-base-ENT-base-0000626-2112,2027-02-28,base,foundry-field
OPERATING,0.0000,3000.0000,OB-base-ENT-base-0000627-2114,2027-02-28,base,foundry-field
OPERATING,0.0000,3600.0000,OB-base-ENT-base-0000628-2116,2027-02-28,base,foundry-field
OPERATING,0.0000,1800.0000,OB-base-ENT-base-0000629-2118,2027-02-28,base,foundry-field
OPERATING,0.0000,2400.0000,OB-base-ENT-base-0000630-2120,2027-02-28,base,foundry-field
OPERATING,0.0000,3000.0000,OB-base-ENT-base-0000631-2122,2027-02-28,base,foundry-field
OPERATING,0.0000,3600.0000,OB-base-ENT-base-0000632-2124,2027-02-28,base,foundry-field
OPERATING,0.0000,1800.0000,OB-base-ENT-base-0000633-2126,2027-02-28,base,foundry-field
OPERATING,0.0000,2400.0000,OB-base-ENT-base-0000634-2128,2027-02-28,base,foundry-field
OPERATING,0.0000,3000.0000,OB-base-ENT-base-0000635-2130,2027-02-28,base,foundry-field
OPERATING,0.0000,3600.0000,OB-base-ENT-base-0000636-2132,2027-02-28,base,foundry-field
OPERATING,0.0000,1800.0000,OB-base-ENT-base-0000637-2134,2027-02-28,base,foundry-field
OPERATING,0.0000,2400.0000,OB-base-ENT-base-0000638-2136,2027-02-28,base,foundry-field
OPERATING,0.0000,3000.0000,OB-base-ENT-base-0000639-2138,2027-02-28,base,foundry-field
OPERATING,0.0000,3600.0000,OB-base-ENT-base-0000640-2140,2027-02-28,base,foundry-field
OPERATING,0.0000,1800.0000,OB-base-ENT-base-0000641-2142,2027-02-28,base,foundry-field
OPERATING,0.0000,2400.0000,OB-base-ENT-base-0000642-2144,2027-02-28,base,foundry-field
OPERATING,0.0000,3000.0000,OB-base-ENT-base-0000643-2146,2027-02-28,base,foundry-field
OPERATING,0.0000,3600.0000,OB-base-ENT-base-0000644-2148,2027-02-28,base,foundry-field
OPERATING,0.0000,1800.0000,OB-base-ENT-base-0000645-2150,2027-02-28,base,foundry-field
OPERATING,0.0000,2400.0000,OB-base-ENT-base-0000646-2152,2027-02-28,base,foundry-field
OPERATING,0.0000,3000.0000,OB-base-ENT-base-0000647-2154,2027-02-28,base,foundry-field
OPERATING,0.0000,3600.0000,OB-base-ENT-base-0000648-2156,2027-02-28,base,foundry-field
OPERATING,0.0000,1800.0000,OB-base-ENT-base-0000649-2158,2027-02-28,base,foundry-field
OPERATING,0.0000,1400.0000,OB-base-ENT-base-0000650-2160,2027-02-28,base,atlas-meridian
OPERATING,0.0000,1400.0000,OB-base-ENT-base-0000651-2162,2027-02-28,base,atlas-meridian
OPERATING,0.0000,9000.0000,OB-base-ENT-base-0000652-2164,2027-02-28,base,willow
OPERATING,0.0000,7000.0000,OB-base-ENT-base-0000653-2166,2027-02-28,base,willow
OPERATING,0.0000,18000.0000,OB-base-ENT-base-0000654-2168,2027-02-28,base,willow
OPERATING,0.0000,4500.0000,OB-base-ENT-base-0000655-2170,2027-02-28,base,willow
OPERATING,0.0000,8580.0000,OB-base-ENT-base-0000656-2172,2027-02-28,base,project-cradle
OPERATING,0.0000,18500.0000,OB-base-ENT-base-0000657-2174,2027-02-28,base,project-cradle
OPERATING,0.0000,1933333.3280,OB-base-ENT-base-0000658-2176,2027-02-28,base,foundry-field
OPERATING,0.0000,524999.9988,OB-base-ENT-base-0000659-2178,2027-02-28,base,atlas-meridian
OPERATING,0.0000,418333.3344,OB-base-ENT-base-0000660-2180,2027-02-28,base,advisory
OPERATING,0.0000,295000.0000,OB-base-ENT-base-0000661-2182,2027-02-28,base,willow
OPERATING,0.0000,187500.0006,OB-base-ENT-base-0000662-2184,2027-02-28,base,project-cradle
OPERATING,0.0000,2834999.9956,OB-base-ENT-base-0000663-2186,2027-02-28,base,corporate
INVESTING,0.0000,180000.0000,OB-base-ENT-base-0000758-2376,2027-02-28,base,willow
INVESTING,0.0000,650000.0000,OB-base-ENT-base-0000759-2378,2027-02-28,base,project-cradle
FINANCING,0.0000,100000.0000,OB-base-ENT-base-0000573-2006,2027-02-28,base,corporate
OPERATING,0.0000,190125.0000,OB-base-ENT-base-0000801-2513,2027-03-31,base,corporate
OPERATING,0.0000,113000.0000,OB-base-ENT-base-0000809-2529,2027-03-31,base,corporate
OPERATING,0.0000,2400.0000,OB-base-ENT-base-0000810-2531,2027-03-31,base,foundry-field
OPERATING,0.0000,3000.0000,OB-base-ENT-base-0000811-2533,2027-03-31,base,foundry-field
OPERATING,0.0000,3600.0000,OB-base-ENT-base-0000812-2535,2027-03-31,base,foundry-field
OPERATING,0.0000,1800.0000,OB-base-ENT-base-0000813-2537,2027-03-31,base,foundry-field
OPERATING,0.0000,2400.0000,OB-base-ENT-base-0000814-2539,2027-03-31,base,foundry-field
OPERATING,0.0000,3000.0000,OB-base-ENT-base-0000815-2541,2027-03-31,base,foundry-field
OPERATING,0.0000,3600.0000,OB-base-ENT-base-0000816-2543,2027-03-31,base,foundry-field
OPERATING,0.0000,1800.0000,OB-base-ENT-base-0000817-2545,2027-03-31,base,foundry-field
OPERATING,0.0000,2400.0000,OB-base-ENT-base-0000818-2547,2027-03-31,base,foundry-field
OPERATING,0.0000,3000.0000,OB-base-ENT-base-0000819-2549,2027-03-31,base,foundry-field
OPERATING,0.0000,3600.0000,OB-base-ENT-base-0000820-2551,2027-03-31,base,foundry-field
OPERATING,0.0000,1800.0000,OB-base-ENT-base-0000821-2553,2027-03-31,base,foundry-field
OPERATING,0.0000,2400.0000,OB-base-ENT-base-0000822-2555,2027-03-31,base,foundry-field
OPERATING,0.0000,3000.0000,OB-base-ENT-base-0000823-2557,2027-03-31,base,foundry-field
OPERATING,0.0000,3600.0000,OB-base-ENT-base-0000824-2559,2027-03-31,base,foundry-field
OPERATING,0.0000,1800.0000,OB-base-ENT-base-0000825-2561,2027-03-31,base,foundry-field
OPERATING,0.0000,2400.0000,OB-base-ENT-base-0000826-2563,2027-03-31,base,foundry-field
OPERATING,0.0000,3000.0000,OB-base-ENT-base-0000827-2565,2027-03-31,base,foundry-field
OPERATING,0.0000,3600.0000,OB-base-ENT-base-0000828-2567,2027-03-31,base,foundry-field
OPERATING,0.0000,1800.0000,OB-base-ENT-base-0000829-2569,2027-03-31,base,foundry-field
OPERATING,0.0000,2400.0000,OB-base-ENT-base-0000830-2571,2027-03-31,base,foundry-field
OPERATING,0.0000,3000.0000,OB-base-ENT-base-0000831-2573,2027-03-31,base,foundry-field
OPERATING,0.0000,3600.0000,OB-base-ENT-base-0000832-2575,2027-03-31,base,foundry-field
OPERATING,0.0000,1800.0000,OB-base-ENT-base-0000833-2577,2027-03-31,base,foundry-field
OPERATING,0.0000,2400.0000,OB-base-ENT-base-0000834-2579,2027-03-31,base,foundry-field
OPERATING,0.0000,3000.0000,OB-base-ENT-base-0000835-2581,2027-03-31,base,foundry-field
OPERATING,0.0000,3600.0000,OB-base-ENT-base-0000836-2583,2027-03-31,base,foundry-field
OPERATING,0.0000,1800.0000,OB-base-ENT-base-0000837-2585,2027-03-31,base,foundry-field
OPERATING,0.0000,2400.0000,OB-base-ENT-base-0000838-2587,2027-03-31,base,foundry-field
OPERATING,0.0000,3000.0000,OB-base-ENT-base-0000839-2589,2027-03-31,base,foundry-field
OPERATING,0.0000,3600.0000,OB-base-ENT-base-0000840-2591,2027-03-31,base,foundry-field
OPERATING,0.0000,1800.0000,OB-base-ENT-base-0000841-2593,2027-03-31,base,foundry-field
OPERATING,0.0000,2400.0000,OB-base-ENT-base-0000842-2595,2027-03-31,base,foundry-field
OPERATING,0.0000,3000.0000,OB-base-ENT-base-0000843-2597,2027-03-31,base,foundry-field
OPERATING,0.0000,3600.0000,OB-base-ENT-base-0000844-2599,2027-03-31,base,foundry-field
OPERATING,0.0000,1800.0000,OB-base-ENT-base-0000845-2601,2027-03-31,base,foundry-field
OPERATING,0.0000,1400.0000,OB-base-ENT-base-0000846-2603,2027-03-31,base,atlas-meridian
OPERATING,0.0000,1600.0000,OB-base-ENT-base-0000847-2605,2027-03-31,base,atlas-meridian
OPERATING,0.0000,1400.0000,OB-base-ENT-base-0000848-2607,2027-03-31,base,atlas-meridian
OPERATING,0.0000,1600.0000,OB-base-ENT-base-0000849-2609,2027-03-31,base,atlas-meridian
OPERATING,0.0000,2100.0000,OB-base-ENT-base-0000850-2611,2027-03-31,base,advisory
OPERATING,0.0000,8550.0000,OB-base-ENT-base-0000851-2613,2027-03-31,base,atlas-meridian
OPERATING,0.0000,9000.0000,OB-base-ENT-base-0000852-2615,2027-03-31,base,willow
OPERATING,0.0000,7000.0000,OB-base-ENT-base-0000853-2617,2027-03-31,base,willow
OPERATING,0.0000,18000.0000,OB-base-ENT-base-0000854-2619,2027-03-31,base,willow
OPERATING,0.0000,4500.0000,OB-base-ENT-base-0000855-2621,2027-03-31,base,willow
OPERATING,0.0000,8580.0000,OB-base-ENT-base-0000856-2623,2027-03-31,base,project-cradle
OPERATING,0.0000,18500.0000,OB-base-ENT-base-0000857-2625,2027-03-31,base,project-cradle
OPERATING,0.0000,3979.8000,OB-base-ENT-base-0000858-2627,2027-03-31,base,project-cradle
OPERATING,0.0000,1933333.3280,OB-base-ENT-base-0000859-2629,2027-03-31,base,foundry-field
OPERATING,0.0000,524999.9988,OB-base-ENT-base-0000860-2631,2027-03-31,base,atlas-meridian
OPERATING,0.0000,418333.3344,OB-base-ENT-base-0000861-2633,2027-03-31,base,advisory
OPERATING,0.0000,295000.0000,OB-base-ENT-base-0000862-2635,2027-03-31,base,willow
OPERATING,0.0000,187500.0006,OB-base-ENT-base-0000863-2637,2027-03-31,base,project-cradle
OPERATING,0.0000,2834999.9956,OB-base-ENT-base-0000864-2639,2027-03-31,base,corporate
FINANCING,0.0000,100000.0000,OB-base-ENT-base-0000802-2515,2027-03-31,base,corporate
OPERATING,0.0000,189583.3333,OB-base-ENT-base-0001014-2987,2027-04-30,base,corporate
OPERATING,0.0000,113000.0000,OB-base-ENT-base-0001024-3007,2027-04-30,base,corporate
OPERATING,0.0000,2400.0000,OB-base-ENT-base-0001025-3009,2027-04-30,base,foundry-field
OPERATING,0.0000,3000.0000,OB-base-ENT-base-0001026-3011,2027-04-30,base,foundry-field
OPERATING,0.0000,3600.0000,OB-base-ENT-base-0001027-3013,2027-04-30,base,foundry-field
OPERATING,0.0000,1800.0000,OB-base-ENT-base-0001028-3015,2027-04-30,base,foundry-field
OPERATING,0.0000,2400.0000,OB-base-ENT-base-0001029-3017,2027-04-30,base,foundry-field
OPERATING,0.0000,3000.0000,OB-base-ENT-base-0001030-3019,2027-04-30,base,foundry-field
OPERATING,0.0000,3600.0000,OB-base-ENT-base-0001031-3021,2027-04-30,base,foundry-field
OPERATING,0.0000,1800.0000,OB-base-ENT-base-0001032-3023,2027-04-30,base,foundry-field
OPERATING,0.0000,2400.0000,OB-base-ENT-base-0001033-3025,2027-04-30,base,foundry-field
OPERATING,0.0000,3000.0000,OB-base-ENT-base-0001034-3027,2027-04-30,base,foundry-field
OPERATING,0.0000,3600.0000,OB-base-ENT-base-0001035-3029,2027-04-30,base,foundry-field
OPERATING,0.0000,1800.0000,OB-base-ENT-base-0001036-3031,2027-04-30,base,foundry-field
OPERATING,0.0000,2400.0000,OB-base-ENT-base-0001037-3033,2027-04-30,base,foundry-field
OPERATING,0.0000,3000.0000,OB-base-ENT-base-0001038-3035,2027-04-30,base,foundry-field
OPERATING,0.0000,3600.0000,OB-base-ENT-base-0001039-3037,2027-04-30,base,foundry-field
OPERATING,0.0000,1800.0000,OB-base-ENT-base-0001040-3039,2027-04-30,base,foundry-field
OPERATING,0.0000,2400.0000,OB-base-ENT-base-0001041-3041,2027-04-30,base,foundry-field
OPERATING,0.0000,3000.0000,OB-base-ENT-base-0001042-3043,2027-04-30,base,foundry-field
OPERATING,0.0000,3600.0000,OB-base-ENT-base-0001043-3045,2027-04-30,base,foundry-field
OPERATING,0.0000,1800.0000,OB-base-ENT-base-0001044-3047,2027-04-30,base,foundry-field
OPERATING,0.0000,2400.0000,OB-base-ENT-base-0001045-3049,2027-04-30,base,foundry-field
OPERATING,0.0000,3000.0000,OB-base-ENT-base-0001046-3051,2027-04-30,base,foundry-field
OPERATING,0.0000,3600.0000,OB-base-ENT-base-0001047-3053,2027-04-30,base,foundry-field
OPERATING,0.0000,1800.0000,OB-base-ENT-base-0001048-3055,2027-04-30,base,foundry-field
OPERATING,0.0000,2400.0000,OB-base-ENT-base-0001049-3057,2027-04-30,base,foundry-field
OPERATING,0.0000,3000.0000,OB-base-ENT-base-0001050-3059,2027-04-30,base,foundry-field
OPERATING,0.0000,3600.0000,OB-base-ENT-base-0001051-3061,2027-04-30,base,foundry-field
OPERATING,0.0000,1800.0000,OB-base-ENT-base-0001052-3063,2027-04-30,base,foundry-field
OPERATING,0.0000,2400.0000,OB-base-ENT-base-0001053-3065,2027-04-30,base,foundry-field
OPERATING,0.0000,3000.0000,OB-base-ENT-base-0001054-3067,2027-04-30,base,foundry-field
OPERATING,0.0000,3600.0000,OB-base-ENT-base-0001055-3069,2027-04-30,base,foundry-field
OPERATING,0.0000,1800.0000,OB-base-ENT-base-0001056-3071,2027-04-30,base,foundry-field
OPERATING,0.0000,2400.0000,OB-base-ENT-base-0001057-3073,2027-04-30,base,foundry-field
OPERATING,0.0000,3000.0000,OB-base-ENT-base-0001058-3075,2027-04-30,base,foundry-field
OPERATING,0.0000,3600.0000,OB-base-ENT-base-0001059-3077,2027-04-30,base,foundry-field
OPERATING,0.0000,1800.0000,OB-base-ENT-base-0001060-3079,2027-04-30,base,foundry-field
OPERATING,0.0000,1400.0000,OB-base-ENT-base-0001061-3081,2027-04-30,base,atlas-meridian
OPERATING,0.0000,1600.0000,OB-base-ENT-base-0001062-3083,2027-04-30,base,atlas-meridian
OPERATING,0.0000,1800.0000,OB-base-ENT-base-0001063-3085,2027-04-30,base,atlas-meridian
OPERATING,0.0000,1400.0000,OB-base-ENT-base-0001064-3087,2027-04-30,base,atlas-meridian
OPERATING,0.0000,1600.0000,OB-base-ENT-base-0001065-3089,2027-04-30,base,atlas-meridian
OPERATING,0.0000,1800.0000,OB-base-ENT-base-0001066-3091,2027-04-30,base,atlas-meridian
OPERATING,0.0000,4830.0000,OB-base-ENT-base-0001067-3093,2027-04-30,base,advisory
OPERATING,0.0000,2520.0000,OB-base-ENT-base-0001068-3095,2027-04-30,base,advisory
OPERATING,0.0000,5040.0000,OB-base-ENT-base-0001069-3097,2027-04-30,base,advisory
OPERATING,0.0000,2940.0000,OB-base-ENT-base-0001070-3099,2027-04-30,base,advisory
OPERATING,0.0000,3360.0000,OB-base-ENT-base-0001071-3101,2027-04-30,base,advisory
OPERATING,0.0000,8550.0000,OB-base-ENT-base-0001072-3103,2027-04-30,base,atlas-meridian
OPERATING,0.0000,9000.0000,OB-base-ENT-base-0001073-3105,2027-04-30,base,willow
OPERATING,0.0000,7000.0000,OB-base-ENT-base-0001074-3107,2027-04-30,base,willow
OPERATING,0.0000,18000.0000,OB-base-ENT-base-0001075-3109,2027-04-30,base,willow
OPERATING,0.0000,4500.0000,OB-base-ENT-base-0001076-3111,2027-04-30,base,willow
OPERATING,0.0000,8580.0000,OB-base-ENT-base-0001077-3113,2027-04-30,base,project-cradle
OPERATING,0.0000,4625.0000,OB-base-ENT-base-0001078-3115,2027-04-30,base,project-cradle
OPERATING,0.0000,3979.8000,OB-base-ENT-base-0001079-3117,2027-04-30,base,project-cradle
OPERATING,0.0000,19952.0640,OB-base-ENT-base-0001080-3119,2027-04-30,base,project-cradle
OPERATING,0.0000,1933333.3280,OB-base-ENT-base-0001081-3121,2027-04-30,base,foundry-field
OPERATING,0.0000,524999.9988,OB-base-ENT-base-0001082-3123,2027-04-30,base,atlas-meridian
OPERATING,0.0000,418333.3344,OB-base-ENT-base-0001083-3125,2027-04-30,base,advisory
OPERATING,0.0000,295000.0000,OB-base-ENT-base-0001084-3127,2027-04-30,base,willow
OPERATING,0.0000,187500.0006,OB-base-ENT-base-0001085-3129,2027-04-30,base,project-cradle
OPERATING,0.0000,2834999.9956,OB-base-ENT-base-0001086-3131,2027-04-30,base,corporate
FINANCING,0.0000,100000.0000,OB-base-ENT-base-0001015-2989,2027-04-30,base,corporate
OPERATING,0.0000,189041.6667,OB-base-ENT-base-0001237-3484,2027-05-31,base,corporate
OPERATING,0.0000,113000.0000,OB-base-ENT-base-0001248-3506,2027-05-31,base,corporate
OPERATING,0.0000,2400.0000,OB-base-ENT-base-0001249-3508,2027-05-31,base,foundry-field
OPERATING,0.0000,3000.0000,OB-base-ENT-base-0001250-3510,2027-05-31,base,foundry-field
OPERATING,0.0000,3600.0000,OB-base-ENT-base-0001251-3512,2027-05-31,base,foundry-field
OPERATING,0.0000,1800.0000,OB-base-ENT-base-0001252-3514,2027-05-31,base,foundry-field
OPERATING,0.0000,2400.0000,OB-base-ENT-base-0001253-3516,2027-05-31,base,foundry-field
OPERATING,0.0000,3000.0000,OB-base-ENT-base-0001254-3518,2027-05-31,base,foundry-field
OPERATING,0.0000,3600.0000,OB-base-ENT-base-0001255-3520,2027-05-31,base,foundry-field
OPERATING,0.0000,1800.0000,OB-base-ENT-base-0001256-3522,2027-05-31,base,foundry-field
OPERATING,0.0000,2400.0000,OB-base-ENT-base-0001257-3524,2027-05-31,base,foundry-field
OPERATING,0.0000,3000.0000,OB-base-ENT-base-0001258-3526,2027-05-31,base,foundry-field
OPERATING,0.0000,3600.0000,OB-base-ENT-base-0001259-3528,2027-05-31,base,foundry-field
OPERATING,0.0000,1800.0000,OB-base-ENT-base-0001260-3530,2027-05-31,base,foundry-field
OPERATING,0.0000,2400.0000,OB-base-ENT-base-0001261-3532,2027-05-31,base,foundry-field
OPERATING,0.0000,3000.0000,OB-base-ENT-base-0001262-3534,2027-05-31,base,foundry-field
OPERATING,0.0000,3600.0000,OB-base-ENT-base-0001263-3536,2027-05-31,base,foundry-field
OPERATING,0.0000,1800.0000,OB-base-ENT-base-0001264-3538,2027-05-31,base,foundry-field
OPERATING,0.0000,2400.0000,OB-base-ENT-base-0001265-3540,2027-05-31,base,foundry-field
OPERATING,0.0000,3000.0000,OB-base-ENT-base-0001266-3542,2027-05-31,base,foundry-field
OPERATING,0.0000,3600.0000,OB-base-ENT-base-0001267-3544,2027-05-31,base,foundry-field
OPERATING,0.0000,1800.0000,OB-base-ENT-base-0001268-3546,2027-05-31,base,foundry-field
OPERATING,0.0000,2400.0000,OB-base-ENT-base-0001269-3548,2027-05-31,base,foundry-field
OPERATING,0.0000,3000.0000,OB-base-ENT-base-0001270-3550,2027-05-31,base,foundry-field
OPERATING,0.0000,3600.0000,OB-base-ENT-base-0001271-3552,2027-05-31,base,foundry-field
OPERATING,0.0000,1800.0000,OB-base-ENT-base-0001272-3554,2027-05-31,base,foundry-field
OPERATING,0.0000,2400.0000,OB-base-ENT-base-0001273-3556,2027-05-31,base,foundry-field
OPERATING,0.0000,3000.0000,OB-base-ENT-base-0001274-3558,2027-05-31,base,foundry-field
OPERATING,0.0000,3600.0000,OB-base-ENT-base-0001275-3560,2027-05-31,base,foundry-field
OPERATING,0.0000,1800.0000,OB-base-ENT-base-0001276-3562,2027-05-31,base,foundry-field
OPERATING,0.0000,2400.0000,OB-base-ENT-base-0001277-3564,2027-05-31,base,foundry-field
OPERATING,0.0000,3000.0000,OB-base-ENT-base-0001278-3566,2027-05-31,base,foundry-field
OPERATING,0.0000,3600.0000,OB-base-ENT-base-0001279-3568,2027-05-31,base,foundry-field
OPERATING,0.0000,1800.0000,OB-base-ENT-base-0001280-3570,2027-05-31,base,foundry-field
OPERATING,0.0000,2400.0000,OB-base-ENT-base-0001281-3572,2027-05-31,base,foundry-field
OPERATING,0.0000,3000.0000,OB-base-ENT-base-0001282-3574,2027-05-31,base,foundry-field
OPERATING,0.0000,3600.0000,OB-base-ENT-base-0001283-3576,2027-05-31,base,foundry-field
OPERATING,0.0000,1800.0000,OB-base-ENT-base-0001284-3578,2027-05-31,base,foundry-field
OPERATING,0.0000,1400.0000,OB-base-ENT-base-0001285-3580,2027-05-31,base,atlas-meridian
OPERATING,0.0000,1600.0000,OB-base-ENT-base-0001286-3582,2027-05-31,base,atlas-meridian
OPERATING,0.0000,1800.0000,OB-base-ENT-base-0001287-3584,2027-05-31,base,atlas-meridian
OPERATING,0.0000,1200.0000,OB-base-ENT-base-0001288-3586,2027-05-31,base,atlas-meridian
OPERATING,0.0000,1400.0000,OB-base-ENT-base-0001289-3588,2027-05-31,base,atlas-meridian
OPERATING,0.0000,1600.0000,OB-base-ENT-base-0001290-3590,2027-05-31,base,atlas-meridian
OPERATING,0.0000,1800.0000,OB-base-ENT-base-0001291-3592,2027-05-31,base,atlas-meridian
OPERATING,0.0000,2100.0000,OB-base-ENT-base-0001292-3594,2027-05-31,base,advisory
OPERATING,0.0000,2520.0000,OB-base-ENT-base-0001293-3596,2027-05-31,base,advisory
OPERATING,0.0000,2100.0000,OB-base-ENT-base-0001294-3598,2027-05-31,base,advisory
OPERATING,0.0000,8550.0000,OB-base-ENT-base-0001295-3600,2027-05-31,base,atlas-meridian
OPERATING,0.0000,8550.0000,OB-base-ENT-base-0001296-3602,2027-05-31,base,atlas-meridian
OPERATING,0.0000,9000.0000,OB-base-ENT-base-0001297-3604,2027-05-31,base,willow
OPERATING,0.0000,7000.0000,OB-base-ENT-base-0001298-3606,2027-05-31,base,willow
OPERATING,0.0000,18000.0000,OB-base-ENT-base-0001299-3608,2027-05-31,base,willow
OPERATING,0.0000,4500.0000,OB-base-ENT-base-0001300-3610,2027-05-31,base,willow
OPERATING,0.0000,8580.0000,OB-base-ENT-base-0001301-3612,2027-05-31,base,project-cradle
OPERATING,0.0000,18500.0000,OB-base-ENT-base-0001302-3614,2027-05-31,base,project-cradle
OPERATING,0.0000,3979.8000,OB-base-ENT-base-0001303-3616,2027-05-31,base,project-cradle
OPERATING,0.0000,19952.0640,OB-base-ENT-base-0001304-3618,2027-05-31,base,project-cradle
OPERATING,0.0000,1933333.3280,OB-base-ENT-base-0001305-3620,2027-05-31,base,foundry-field
OPERATING,0.0000,524999.9988,OB-base-ENT-base-0001306-3622,2027-05-31,base,atlas-meridian
OPERATING,0.0000,418333.3344,OB-base-ENT-base-0001307-3624,2027-05-31,base,advisory
OPERATING,0.0000,295000.0000,OB-base-ENT-base-0001308-3626,2027-05-31,base,willow
OPERATING,0.0000,187500.0006,OB-base-ENT-base-0001309-3628,2027-05-31,base,project-cradle
OPERATING,0.0000,2834999.9956,OB-base-ENT-base-0001310-3630,2027-05-31,base,corporate
OPERATING,0.0000,23000.0000,OB-base-ENT-base-0001314-3638,2027-05-31,base,foundry-field
INVESTING,0.0000,210000.0000,OB-base-ENT-base-0001419-3848,2027-05-31,base,project-cradle
FINANCING,0.0000,100000.0000,OB-base-ENT-base-0001238-3486,2027-05-31,base,corporate
OPERATING,0.0000,188500.0000,OB-base-ENT-base-0001460-3981,2027-06-30,base,corporate
OPERATING,0.0000,113000.0000,OB-base-ENT-base-0001468-3997,2027-06-30,base,corporate
OPERATING,0.0000,2400.0000,OB-base-ENT-base-0001469-3999,2027-06-30,base,foundry-field
OPERATING,0.0000,3000.0000,OB-base-ENT-base-0001470-4001,2027-06-30,base,foundry-field
OPERATING,0.0000,3600.0000,OB-base-ENT-base-0001471-4003,2027-06-30,base,foundry-field
OPERATING,0.0000,1800.0000,OB-base-ENT-base-0001472-4005,2027-06-30,base,foundry-field
OPERATING,0.0000,2400.0000,OB-base-ENT-base-0001473-4007,2027-06-30,base,foundry-field
OPERATING,0.0000,3000.0000,OB-base-ENT-base-0001474-4009,2027-06-30,base,foundry-field
OPERATING,0.0000,3600.0000,OB-base-ENT-base-0001475-4011,2027-06-30,base,foundry-field
OPERATING,0.0000,1800.0000,OB-base-ENT-base-0001476-4013,2027-06-30,base,foundry-field
OPERATING,0.0000,2400.0000,OB-base-ENT-base-0001477-4015,2027-06-30,base,foundry-field
OPERATING,0.0000,3000.0000,OB-base-ENT-base-0001478-4017,2027-06-30,base,foundry-field
OPERATING,0.0000,3600.0000,OB-base-ENT-base-0001479-4019,2027-06-30,base,foundry-field
OPERATING,0.0000,1800.0000,OB-base-ENT-base-0001480-4021,2027-06-30,base,foundry-field
OPERATING,0.0000,2400.0000,OB-base-ENT-base-0001481-4023,2027-06-30,base,foundry-field
OPERATING,0.0000,3000.0000,OB-base-ENT-base-0001482-4025,2027-06-30,base,foundry-field
OPERATING,0.0000,3600.0000,OB-base-ENT-base-0001483-4027,2027-06-30,base,foundry-field
OPERATING,0.0000,1800.0000,OB-base-ENT-base-0001484-4029,2027-06-30,base,foundry-field
OPERATING,0.0000,2400.0000,OB-base-ENT-base-0001485-4031,2027-06-30,base,foundry-field
OPERATING,0.0000,3000.0000,OB-base-ENT-base-0001486-4033,2027-06-30,base,foundry-field
OPERATING,0.0000,3600.0000,OB-base-ENT-base-0001487-4035,2027-06-30,base,foundry-field
OPERATING,0.0000,1800.0000,OB-base-ENT-base-0001488-4037,2027-06-30,base,foundry-field
OPERATING,0.0000,2400.0000,OB-base-ENT-base-0001489-4039,2027-06-30,base,foundry-field
OPERATING,0.0000,3000.0000,OB-base-ENT-base-0001490-4041,2027-06-30,base,foundry-field
OPERATING,0.0000,3600.0000,OB-base-ENT-base-0001491-4043,2027-06-30,base,foundry-field
OPERATING,0.0000,1800.0000,OB-base-ENT-base-0001492-4045,2027-06-30,base,foundry-field
OPERATING,0.0000,2400.0000,OB-base-ENT-base-0001493-4047,2027-06-30,base,foundry-field
OPERATING,0.0000,3000.0000,OB-base-ENT-base-0001494-4049,2027-06-30,base,foundry-field
OPERATING,0.0000,3600.0000,OB-base-ENT-base-0001495-4051,2027-06-30,base,foundry-field
OPERATING,0.0000,1800.0000,OB-base-ENT-base-0001496-4053,2027-06-30,base,foundry-field
OPERATING,0.0000,2400.0000,OB-base-ENT-base-0001497-4055,2027-06-30,base,foundry-field
OPERATING,0.0000,3000.0000,OB-base-ENT-base-0001498-4057,2027-06-30,base,foundry-field
OPERATING,0.0000,3600.0000,OB-base-ENT-base-0001499-4059,2027-06-30,base,foundry-field
OPERATING,0.0000,1800.0000,OB-base-ENT-base-0001500-4061,2027-06-30,base,foundry-field
OPERATING,0.0000,2400.0000,OB-base-ENT-base-0001501-4063,2027-06-30,base,foundry-field
OPERATING,0.0000,3000.0000,OB-base-ENT-base-0001502-4065,2027-06-30,base,foundry-field
OPERATING,0.0000,3600.0000,OB-base-ENT-base-0001503-4067,2027-06-30,base,foundry-field
OPERATING,0.0000,1800.0000,OB-base-ENT-base-0001504-4069,2027-06-30,base,foundry-field
OPERATING,0.0000,1400.0000,OB-base-ENT-base-0001505-4071,2027-06-30,base,atlas-meridian
OPERATING,0.0000,1600.0000,OB-base-ENT-base-0001506-4073,2027-06-30,base,atlas-meridian
OPERATING,0.0000,1800.0000,OB-base-ENT-base-0001507-4075,2027-06-30,base,atlas-meridian
OPERATING,0.0000,1200.0000,OB-base-ENT-base-0001508-4077,2027-06-30,base,atlas-meridian
OPERATING,0.0000,1400.0000,OB-base-ENT-base-0001509-4079,2027-06-30,base,atlas-meridian
OPERATING,0.0000,1400.0000,OB-base-ENT-base-0001510-4081,2027-06-30,base,atlas-meridian
OPERATING,0.0000,1600.0000,OB-base-ENT-base-0001511-4083,2027-06-30,base,atlas-meridian
OPERATING,0.0000,1800.0000,OB-base-ENT-base-0001512-4085,2027-06-30,base,atlas-meridian
OPERATING,0.0000,2940.0000,OB-base-ENT-base-0001513-4087,2027-06-30,base,advisory
OPERATING,0.0000,3360.0000,OB-base-ENT-base-0001514-4089,2027-06-30,base,advisory
OPERATING,0.0000,9832.5000,OB-base-ENT-base-0001515-4091,2027-06-30,base,atlas-meridian
OPERATING,0.0000,8550.0000,OB-base-ENT-base-0001516-4093,2027-06-30,base,atlas-meridian
OPERATING,0.0000,9000.0000,OB-base-ENT-base-0001517-4095,2027-06-30,base,willow
OPERATING,0.0000,7000.0000,OB-base-ENT-base-0001518-4097,2027-06-30,base,willow
OPERATING,0.0000,18000.0000,OB-base-ENT-base-0001519-4099,2027-06-30,base,willow
OPERATING,0.0000,4500.0000,OB-base-ENT-base-0001520-4101,2027-06-30,base,willow
OPERATING,0.0000,8580.0000,OB-base-ENT-base-0001521-4103,2027-06-30,base,project-cradle
OPERATING,0.0000,18500.0000,OB-base-ENT-base-0001522-4105,2027-06-30,base,project-cradle
OPERATING,0.0000,3979.8000,OB-base-ENT-base-0001523-4107,2027-06-30,base,project-cradle
OPERATING,0.0000,19952.0640,OB-base-ENT-base-0001524-4109,2027-06-30,base,project-cradle
OPERATING,0.0000,1933333.3280,OB-base-ENT-base-0001525-4111,2027-06-30,base,foundry-field
OPERATING,0.0000,524999.9988,OB-base-ENT-base-0001526-4113,2027-06-30,base,atlas-meridian
OPERATING,0.0000,418333.3344,OB-base-ENT-base-0001527-4115,2027-06-30,base,advisory
OPERATING,0.0000,295000.0000,OB-base-ENT-base-0001528-4117,2027-06-30,base,willow
OPERATING,0.0000,187500.0006,OB-base-ENT-base-0001529-4119,2027-06-30,base,project-cradle
OPERATING,0.0000,2834999.9956,OB-base-ENT-base-0001530-4121,2027-06-30,base,corporate
OPERATING,0.0000,3000.0000,OB-base-ENT-base-0001607-4275,2027-06-30,base,atlas-meridian
FINANCING,0.0000,100000.0000,OB-base-ENT-base-0001461-3983,2027-06-30,base,corporate
OPERATING,0.0000,187958.3333,OB-base-ENT-base-0001689-4490,2027-07-31,base,corporate
OPERATING,0.0000,113000.0000,OB-base-ENT-base-0001700-4512,2027-07-31,base,corporate
OPERATING,0.0000,2400.0000,OB-base-ENT-base-0001701-4514,2027-07-31,base,foundry-field
OPERATING,0.0000,3000.0000,OB-base-ENT-base-0001702-4516,2027-07-31,base,foundry-field
OPERATING,0.0000,3600.0000,OB-base-ENT-base-0001703-4518,2027-07-31,base,foundry-field
OPERATING,0.0000,1800.0000,OB-base-ENT-base-0001704-4520,2027-07-31,base,foundry-field
OPERATING,0.0000,2400.0000,OB-base-ENT-base-0001705-4522,2027-07-31,base,foundry-field
OPERATING,0.0000,3000.0000,OB-base-ENT-base-0001706-4524,2027-07-31,base,foundry-field
OPERATING,0.0000,3600.0000,OB-base-ENT-base-0001707-4526,2027-07-31,base,foundry-field
OPERATING,0.0000,1800.0000,OB-base-ENT-base-0001708-4528,2027-07-31,base,foundry-field
OPERATING,0.0000,2400.0000,OB-base-ENT-base-0001709-4530,2027-07-31,base,foundry-field
OPERATING,0.0000,3000.0000,OB-base-ENT-base-0001710-4532,2027-07-31,base,foundry-field
OPERATING,0.0000,3600.0000,OB-base-ENT-base-0001711-4534,2027-07-31,base,foundry-field
OPERATING,0.0000,1800.0000,OB-base-ENT-base-0001712-4536,2027-07-31,base,foundry-field
OPERATING,0.0000,2400.0000,OB-base-ENT-base-0001713-4538,2027-07-31,base,foundry-field
OPERATING,0.0000,3000.0000,OB-base-ENT-base-0001714-4540,2027-07-31,base,foundry-field
OPERATING,0.0000,3600.0000,OB-base-ENT-base-0001715-4542,2027-07-31,base,foundry-field
OPERATING,0.0000,1800.0000,OB-base-ENT-base-0001716-4544,2027-07-31,base,foundry-field
OPERATING,0.0000,2400.0000,OB-base-ENT-base-0001717-4546,2027-07-31,base,foundry-field
OPERATING,0.0000,3000.0000,OB-base-ENT-base-0001718-4548,2027-07-31,base,foundry-field
OPERATING,0.0000,3600.0000,OB-base-ENT-base-0001719-4550,2027-07-31,base,foundry-field
OPERATING,0.0000,1800.0000,OB-base-ENT-base-0001720-4552,2027-07-31,base,foundry-field
OPERATING,0.0000,2400.0000,OB-base-ENT-base-0001721-4554,2027-07-31,base,foundry-field
OPERATING,0.0000,3000.0000,OB-base-ENT-base-0001722-4556,2027-07-31,base,foundry-field
OPERATING,0.0000,3600.0000,OB-base-ENT-base-0001723-4558,2027-07-31,base,foundry-field
OPERATING,0.0000,1800.0000,OB-base-ENT-base-0001724-4560,2027-07-31,base,foundry-field
OPERATING,0.0000,2400.0000,OB-base-ENT-base-0001725-4562,2027-07-31,base,foundry-field
OPERATING,0.0000,3000.0000,OB-base-ENT-base-0001726-4564,2027-07-31,base,foundry-field
OPERATING,0.0000,3600.0000,OB-base-ENT-base-0001727-4566,2027-07-31,base,foundry-field
OPERATING,0.0000,1800.0000,OB-base-ENT-base-0001728-4568,2027-07-31,base,foundry-field
OPERATING,0.0000,2400.0000,OB-base-ENT-base-0001729-4570,2027-07-31,base,foundry-field
OPERATING,0.0000,3000.0000,OB-base-ENT-base-0001730-4572,2027-07-31,base,foundry-field
OPERATING,0.0000,3600.0000,OB-base-ENT-base-0001731-4574,2027-07-31,base,foundry-field
OPERATING,0.0000,1800.0000,OB-base-ENT-base-0001732-4576,2027-07-31,base,foundry-field
OPERATING,0.0000,2400.0000,OB-base-ENT-base-0001733-4578,2027-07-31,base,foundry-field
OPERATING,0.0000,3000.0000,OB-base-ENT-base-0001734-4580,2027-07-31,base,foundry-field
OPERATING,0.0000,3600.0000,OB-base-ENT-base-0001735-4582,2027-07-31,base,foundry-field
OPERATING,0.0000,1800.0000,OB-base-ENT-base-0001736-4584,2027-07-31,base,foundry-field
OPERATING,0.0000,1400.0000,OB-base-ENT-base-0001737-4586,2027-07-31,base,atlas-meridian
OPERATING,0.0000,1600.0000,OB-base-ENT-base-0001738-4588,2027-07-31,base,atlas-meridian
OPERATING,0.0000,1800.0000,OB-base-ENT-base-0001739-4590,2027-07-31,base,atlas-meridian
OPERATING,0.0000,1200.0000,OB-base-ENT-base-0001740-4592,2027-07-31,base,atlas-meridian
OPERATING,0.0000,1400.0000,OB-base-ENT-base-0001741-4594,2027-07-31,base,atlas-meridian
OPERATING,0.0000,1400.0000,OB-base-ENT-base-0001742-4596,2027-07-31,base,atlas-meridian
OPERATING,0.0000,1600.0000,OB-base-ENT-base-0001743-4598,2027-07-31,base,atlas-meridian
OPERATING,0.0000,1800.0000,OB-base-ENT-base-0001744-4600,2027-07-31,base,atlas-meridian
OPERATING,0.0000,5880.0000,OB-base-ENT-base-0001745-4602,2027-07-31,base,advisory
OPERATING,0.0000,2940.0000,OB-base-ENT-base-0001746-4604,2027-07-31,base,advisory
OPERATING,0.0000,5880.0000,OB-base-ENT-base-0001747-4606,2027-07-31,base,advisory
OPERATING,0.0000,7728.0000,OB-base-ENT-base-0001748-4608,2027-07-31,base,advisory
OPERATING,0.0000,2100.0000,OB-base-ENT-base-0001749-4610,2027-07-31,base,advisory
OPERATING,0.0000,2520.0000,OB-base-ENT-base-0001750-4612,2027-07-31,base,advisory
OPERATING,0.0000,8550.0000,OB-base-ENT-base-0001751-4614,2027-07-31,base,atlas-meridian
OPERATING,0.0000,8550.0000,OB-base-ENT-base-0001752-4616,2027-07-31,base,atlas-meridian
OPERATING,0.0000,9000.0000,OB-base-ENT-base-0001753-4618,2027-07-31,base,willow
OPERATING,0.0000,7000.0000,OB-base-ENT-base-0001754-4620,2027-07-31,base,willow
OPERATING,0.0000,18000.0000,OB-base-ENT-base-0001755-4622,2027-07-31,base,willow
OPERATING,0.0000,8580.0000,OB-base-ENT-base-0001756-4624,2027-07-31,base,project-cradle
OPERATING,0.0000,18500.0000,OB-base-ENT-base-0001757-4626,2027-07-31,base,project-cradle
OPERATING,0.0000,3979.8000,OB-base-ENT-base-0001758-4628,2027-07-31,base,project-cradle
OPERATING,0.0000,19952.0640,OB-base-ENT-base-0001759-4630,2027-07-31,base,project-cradle
OPERATING,0.0000,1945416.6613,OB-base-ENT-base-0001760-4632,2027-07-31,base,foundry-field
OPERATING,0.0000,524999.9988,OB-base-ENT-base-0001761-4634,2027-07-31,base,atlas-meridian
OPERATING,0.0000,418333.3344,OB-base-ENT-base-0001762-4636,2027-07-31,base,advisory
OPERATING,0.0000,295000.0000,OB-base-ENT-base-0001763-4638,2027-07-31,base,willow
OPERATING,0.0000,187500.0006,OB-base-ENT-base-0001764-4640,2027-07-31,base,project-cradle
OPERATING,0.0000,2834999.9956,OB-base-ENT-base-0001765-4642,2027-07-31,base,corporate
FINANCING,0.0000,100000.0000,OB-base-ENT-base-0001690-4492,2027-07-31,base,corporate
OPERATING,0.0000,187416.6667,OB-base-ENT-base-0001926-5001,2027-08-31,base,corporate
OPERATING,0.0000,113000.0000,OB-base-ENT-base-0001937-5023,2027-08-31,base,corporate
OPERATING,0.0000,2400.0000,OB-base-ENT-base-0001938-5025,2027-08-31,base,foundry-field
OPERATING,0.0000,3000.0000,OB-base-ENT-base-0001939-5027,2027-08-31,base,foundry-field
OPERATING,0.0000,3600.0000,OB-base-ENT-base-0001940-5029,2027-08-31,base,foundry-field
OPERATING,0.0000,1800.0000,OB-base-ENT-base-0001941-5031,2027-08-31,base,foundry-field
OPERATING,0.0000,2400.0000,OB-base-ENT-base-0001942-5033,2027-08-31,base,foundry-field
OPERATING,0.0000,3000.0000,OB-base-ENT-base-0001943-5035,2027-08-31,base,foundry-field
OPERATING,0.0000,3600.0000,OB-base-ENT-base-0001944-5037,2027-08-31,base,foundry-field
OPERATING,0.0000,1800.0000,OB-base-ENT-base-0001945-5039,2027-08-31,base,foundry-field
OPERATING,0.0000,2400.0000,OB-base-ENT-base-0001946-5041,2027-08-31,base,foundry-field
OPERATING,0.0000,3000.0000,OB-base-ENT-base-0001947-5043,2027-08-31,base,foundry-field
OPERATING,0.0000,3600.0000,OB-base-ENT-base-0001948-5045,2027-08-31,base,foundry-field
OPERATING,0.0000,1800.0000,OB-base-ENT-base-0001949-5047,2027-08-31,base,foundry-field
OPERATING,0.0000,2400.0000,OB-base-ENT-base-0001950-5049,2027-08-31,base,foundry-field
OPERATING,0.0000,3000.0000,OB-base-ENT-base-0001951-5051,2027-08-31,base,foundry-field
OPERATING,0.0000,3600.0000,OB-base-ENT-base-0001952-5053,2027-08-31,base,foundry-field
OPERATING,0.0000,1800.0000,OB-base-ENT-base-0001953-5055,2027-08-31,base,foundry-field
OPERATING,0.0000,2400.0000,OB-base-ENT-base-0001954-5057,2027-08-31,base,foundry-field
OPERATING,0.0000,3000.0000,OB-base-ENT-base-0001955-5059,2027-08-31,base,foundry-field
OPERATING,0.0000,3600.0000,OB-base-ENT-base-0001956-5061,2027-08-31,base,foundry-field
OPERATING,0.0000,1800.0000,OB-base-ENT-base-0001957-5063,2027-08-31,base,foundry-field
OPERATING,0.0000,2400.0000,OB-base-ENT-base-0001958-5065,2027-08-31,base,foundry-field
OPERATING,0.0000,3000.0000,OB-base-ENT-base-0001959-5067,2027-08-31,base,foundry-field
OPERATING,0.0000,3600.0000,OB-base-ENT-base-0001960-5069,2027-08-31,base,foundry-field
OPERATING,0.0000,1800.0000,OB-base-ENT-base-0001961-5071,2027-08-31,base,foundry-field
OPERATING,0.0000,2400.0000,OB-base-ENT-base-0001962-5073,2027-08-31,base,foundry-field
OPERATING,0.0000,3000.0000,OB-base-ENT-base-0001963-5075,2027-08-31,base,foundry-field
OPERATING,0.0000,3600.0000,OB-base-ENT-base-0001964-5077,2027-08-31,base,foundry-field
OPERATING,0.0000,1800.0000,OB-base-ENT-base-0001965-5079,2027-08-31,base,foundry-field
OPERATING,0.0000,2400.0000,OB-base-ENT-base-0001966-5081,2027-08-31,base,foundry-field
OPERATING,0.0000,3000.0000,OB-base-ENT-base-0001967-5083,2027-08-31,base,foundry-field
OPERATING,0.0000,3600.0000,OB-base-ENT-base-0001968-5085,2027-08-31,base,foundry-field
OPERATING,0.0000,1800.0000,OB-base-ENT-base-0001969-5087,2027-08-31,base,foundry-field
OPERATING,0.0000,2400.0000,OB-base-ENT-base-0001970-5089,2027-08-31,base,foundry-field
OPERATING,0.0000,3000.0000,OB-base-ENT-base-0001971-5091,2027-08-31,base,foundry-field
OPERATING,0.0000,3600.0000,OB-base-ENT-base-0001972-5093,2027-08-31,base,foundry-field
OPERATING,0.0000,1800.0000,OB-base-ENT-base-0001973-5095,2027-08-31,base,foundry-field
OPERATING,0.0000,1400.0000,OB-base-ENT-base-0001974-5097,2027-08-31,base,atlas-meridian
OPERATING,0.0000,1600.0000,OB-base-ENT-base-0001975-5099,2027-08-31,base,atlas-meridian
OPERATING,0.0000,1800.0000,OB-base-ENT-base-0001976-5101,2027-08-31,base,atlas-meridian
OPERATING,0.0000,1200.0000,OB-base-ENT-base-0001977-5103,2027-08-31,base,atlas-meridian
OPERATING,0.0000,1400.0000,OB-base-ENT-base-0001978-5105,2027-08-31,base,atlas-meridian
OPERATING,0.0000,1600.0000,OB-base-ENT-base-0001979-5107,2027-08-31,base,atlas-meridian
OPERATING,0.0000,1800.0000,OB-base-ENT-base-0001980-5109,2027-08-31,base,atlas-meridian
OPERATING,0.0000,1400.0000,OB-base-ENT-base-0001981-5111,2027-08-31,base,atlas-meridian
OPERATING,0.0000,1600.0000,OB-base-ENT-base-0001982-5113,2027-08-31,base,atlas-meridian
OPERATING,0.0000,1800.0000,OB-base-ENT-base-0001983-5115,2027-08-31,base,atlas-meridian
OPERATING,0.0000,6720.0000,OB-base-ENT-base-0001984-5117,2027-08-31,base,advisory
OPERATING,0.0000,3360.0000,OB-base-ENT-base-0001985-5119,2027-08-31,base,advisory
OPERATING,0.0000,2940.0000,OB-base-ENT-base-0001986-5121,2027-08-31,base,advisory
OPERATING,0.0000,3360.0000,OB-base-ENT-base-0001987-5123,2027-08-31,base,advisory
OPERATING,0.0000,4200.0000,OB-base-ENT-base-0001988-5125,2027-08-31,base,advisory
OPERATING,0.0000,5040.0000,OB-base-ENT-base-0001989-5127,2027-08-31,base,advisory
OPERATING,0.0000,2940.0000,OB-base-ENT-base-0001990-5129,2027-08-31,base,advisory
OPERATING,0.0000,3360.0000,OB-base-ENT-base-0001991-5131,2027-08-31,base,advisory
OPERATING,0.0000,8550.0000,OB-base-ENT-base-0001992-5133,2027-08-31,base,atlas-meridian
OPERATING,0.0000,8550.0000,OB-base-ENT-base-0001993-5135,2027-08-31,base,atlas-meridian
OPERATING,0.0000,9000.0000,OB-base-ENT-base-0001994-5137,2027-08-31,base,willow
OPERATING,0.0000,18000.0000,OB-base-ENT-base-0001995-5139,2027-08-31,base,willow
OPERATING,0.0000,8000.0000,OB-base-ENT-base-0001996-5141,2027-08-31,base,willow
OPERATING,0.0000,8580.0000,OB-base-ENT-base-0001997-5143,2027-08-31,base,project-cradle
OPERATING,0.0000,18500.0000,OB-base-ENT-base-0001998-5145,2027-08-31,base,project-cradle
OPERATING,0.0000,3979.8000,OB-base-ENT-base-0001999-5147,2027-08-31,base,project-cradle
OPERATING,0.0000,19952.0640,OB-base-ENT-base-0002000-5149,2027-08-31,base,project-cradle
OPERATING,0.0000,1945416.6613,OB-base-ENT-base-0002001-5151,2027-08-31,base,foundry-field
OPERATING,0.0000,524999.9988,OB-base-ENT-base-0002002-5153,2027-08-31,base,atlas-meridian
OPERATING,0.0000,420833.3344,OB-base-ENT-base-0002003-5155,2027-08-31,base,advisory
OPERATING,0.0000,292500.0000,OB-base-ENT-base-0002004-5157,2027-08-31,base,willow
OPERATING,0.0000,187500.0006,OB-base-ENT-base-0002005-5159,2027-08-31,base,project-cradle
OPERATING,0.0000,2834999.9956,OB-base-ENT-base-0002006-5161,2027-08-31,base,corporate
FINANCING,0.0000,100000.0000,OB-base-ENT-base-0001927-5003,2027-08-31,base,corporate
OPERATING,0.0000,186875.0000,OB-base-ENT-base-0002167-5521,2027-09-30,base,corporate
OPERATING,0.0000,113000.0000,OB-base-ENT-base-0002176-5539,2027-09-30,base,corporate
OPERATING,0.0000,2400.0000,OB-base-ENT-base-0002177-5541,2027-09-30,base,foundry-field
OPERATING,0.0000,3000.0000,OB-base-ENT-base-0002178-5543,2027-09-30,base,foundry-field
OPERATING,0.0000,3600.0000,OB-base-ENT-base-0002179-5545,2027-09-30,base,foundry-field
OPERATING,0.0000,1800.0000,OB-base-ENT-base-0002180-5547,2027-09-30,base,foundry-field
OPERATING,0.0000,2400.0000,OB-base-ENT-base-0002181-5549,2027-09-30,base,foundry-field
OPERATING,0.0000,3000.0000,OB-base-ENT-base-0002182-5551,2027-09-30,base,foundry-field
OPERATING,0.0000,3600.0000,OB-base-ENT-base-0002183-5553,2027-09-30,base,foundry-field
OPERATING,0.0000,1800.0000,OB-base-ENT-base-0002184-5555,2027-09-30,base,foundry-field
OPERATING,0.0000,2400.0000,OB-base-ENT-base-0002185-5557,2027-09-30,base,foundry-field
OPERATING,0.0000,3000.0000,OB-base-ENT-base-0002186-5559,2027-09-30,base,foundry-field
OPERATING,0.0000,3600.0000,OB-base-ENT-base-0002187-5561,2027-09-30,base,foundry-field
OPERATING,0.0000,1800.0000,OB-base-ENT-base-0002188-5563,2027-09-30,base,foundry-field
OPERATING,0.0000,2400.0000,OB-base-ENT-base-0002189-5565,2027-09-30,base,foundry-field
OPERATING,0.0000,3000.0000,OB-base-ENT-base-0002190-5567,2027-09-30,base,foundry-field
OPERATING,0.0000,3600.0000,OB-base-ENT-base-0002191-5569,2027-09-30,base,foundry-field
OPERATING,0.0000,1800.0000,OB-base-ENT-base-0002192-5571,2027-09-30,base,foundry-field
OPERATING,0.0000,2400.0000,OB-base-ENT-base-0002193-5573,2027-09-30,base,foundry-field
OPERATING,0.0000,3000.0000,OB-base-ENT-base-0002194-5575,2027-09-30,base,foundry-field
OPERATING,0.0000,3600.0000,OB-base-ENT-base-0002195-5577,2027-09-30,base,foundry-field
OPERATING,0.0000,1800.0000,OB-base-ENT-base-0002196-5579,2027-09-30,base,foundry-field
OPERATING,0.0000,2400.0000,OB-base-ENT-base-0002197-5581,2027-09-30,base,foundry-field
OPERATING,0.0000,3000.0000,OB-base-ENT-base-0002198-5583,2027-09-30,base,foundry-field
OPERATING,0.0000,3600.0000,OB-base-ENT-base-0002199-5585,2027-09-30,base,foundry-field
OPERATING,0.0000,1800.0000,OB-base-ENT-base-0002200-5587,2027-09-30,base,foundry-field
OPERATING,0.0000,2400.0000,OB-base-ENT-base-0002201-5589,2027-09-30,base,foundry-field
OPERATING,0.0000,3000.0000,OB-base-ENT-base-0002202-5591,2027-09-30,base,foundry-field
OPERATING,0.0000,3600.0000,OB-base-ENT-base-0002203-5593,2027-09-30,base,foundry-field
OPERATING,0.0000,1800.0000,OB-base-ENT-base-0002204-5595,2027-09-30,base,foundry-field
OPERATING,0.0000,2400.0000,OB-base-ENT-base-0002205-5597,2027-09-30,base,foundry-field
OPERATING,0.0000,3000.0000,OB-base-ENT-base-0002206-5599,2027-09-30,base,foundry-field
OPERATING,0.0000,3600.0000,OB-base-ENT-base-0002207-5601,2027-09-30,base,foundry-field
OPERATING,0.0000,1800.0000,OB-base-ENT-base-0002208-5603,2027-09-30,base,foundry-field
OPERATING,0.0000,2400.0000,OB-base-ENT-base-0002209-5605,2027-09-30,base,foundry-field
OPERATING,0.0000,3000.0000,OB-base-ENT-base-0002210-5607,2027-09-30,base,foundry-field
OPERATING,0.0000,3600.0000,OB-base-ENT-base-0002211-5609,2027-09-30,base,foundry-field
OPERATING,0.0000,1800.0000,OB-base-ENT-base-0002212-5611,2027-09-30,base,foundry-field
OPERATING,0.0000,1400.0000,OB-base-ENT-base-0002213-5613,2027-09-30,base,atlas-meridian
OPERATING,0.0000,1600.0000,OB-base-ENT-base-0002214-5615,2027-09-30,base,atlas-meridian
OPERATING,0.0000,1800.0000,OB-base-ENT-base-0002215-5617,2027-09-30,base,atlas-meridian
OPERATING,0.0000,1200.0000,OB-base-ENT-base-0002216-5619,2027-09-30,base,atlas-meridian
OPERATING,0.0000,1400.0000,OB-base-ENT-base-0002217-5621,2027-09-30,base,atlas-meridian
OPERATING,0.0000,1600.0000,OB-base-ENT-base-0002218-5623,2027-09-30,base,atlas-meridian
OPERATING,0.0000,1800.0000,OB-base-ENT-base-0002219-5625,2027-09-30,base,atlas-meridian
OPERATING,0.0000,1200.0000,OB-base-ENT-base-0002220-5627,2027-09-30,base,atlas-meridian
OPERATING,0.0000,1400.0000,OB-base-ENT-base-0002221-5629,2027-09-30,base,atlas-meridian
OPERATING,0.0000,1600.0000,OB-base-ENT-base-0002222-5631,2027-09-30,base,atlas-meridian
OPERATING,0.0000,1800.0000,OB-base-ENT-base-0002223-5633,2027-09-30,base,atlas-meridian
OPERATING,0.0000,4200.0000,OB-base-ENT-base-0002224-5635,2027-09-30,base,advisory
OPERATING,0.0000,2100.0000,OB-base-ENT-base-0002225-5637,2027-09-30,base,advisory
OPERATING,0.0000,2100.0000,OB-base-ENT-base-0002226-5639,2027-09-30,base,advisory
OPERATING,0.0000,2520.0000,OB-base-ENT-base-0002227-5641,2027-09-30,base,advisory
OPERATING,0.0000,5880.0000,OB-base-ENT-base-0002228-5643,2027-09-30,base,advisory
OPERATING,0.0000,6720.0000,OB-base-ENT-base-0002229-5645,2027-09-30,base,advisory
OPERATING,0.0000,2100.0000,OB-base-ENT-base-0002230-5647,2027-09-30,base,advisory
OPERATING,0.0000,2520.0000,OB-base-ENT-base-0002231-5649,2027-09-30,base,advisory
OPERATING,0.0000,8550.0000,OB-base-ENT-base-0002232-5651,2027-09-30,base,atlas-meridian
OPERATING,0.0000,8550.0000,OB-base-ENT-base-0002233-5653,2027-09-30,base,atlas-meridian
OPERATING,0.0000,9000.0000,OB-base-ENT-base-0002234-5655,2027-09-30,base,willow
OPERATING,0.0000,18000.0000,OB-base-ENT-base-0002235-5657,2027-09-30,base,willow
OPERATING,0.0000,8000.0000,OB-base-ENT-base-0002236-5659,2027-09-30,base,willow
OPERATING,0.0000,8580.0000,OB-base-ENT-base-0002237-5661,2027-09-30,base,project-cradle
OPERATING,0.0000,18500.0000,OB-base-ENT-base-0002238-5663,2027-09-30,base,project-cradle
OPERATING,0.0000,3979.8000,OB-base-ENT-base-0002239-5665,2027-09-30,base,project-cradle
OPERATING,0.0000,19952.0640,OB-base-ENT-base-0002240-5667,2027-09-30,base,project-cradle
OPERATING,0.0000,1933333.3280,OB-base-ENT-base-0002241-5669,2027-09-30,base,foundry-field
OPERATING,0.0000,539583.3321,OB-base-ENT-base-0002242-5671,2027-09-30,base,atlas-meridian
OPERATING,0.0000,420833.3344,OB-base-ENT-base-0002243-5673,2027-09-30,base,advisory
OPERATING,0.0000,292500.0000,OB-base-ENT-base-0002244-5675,2027-09-30,base,willow
OPERATING,0.0000,187500.0006,OB-base-ENT-base-0002245-5677,2027-09-30,base,project-cradle
OPERATING,0.0000,2834999.9956,OB-base-ENT-base-0002246-5679,2027-09-30,base,corporate
OPERATING,0.0000,640000.0000,OB-base-ENT-base-0002254-5695,2027-09-30,base,foundry-field
FINANCING,0.0000,100000.0000,OB-base-ENT-base-0002168-5523,2027-09-30,base,corporate
OPERATING,0.0000,186333.3333,OB-base-ENT-base-0002411-6047,2027-10-31,base,corporate
OPERATING,0.0000,113000.0000,OB-base-ENT-base-0002426-6077,2027-10-31,base,corporate
OPERATING,0.0000,2400.0000,OB-base-ENT-base-0002427-6079,2027-10-31,base,foundry-field
OPERATING,0.0000,3000.0000,OB-base-ENT-base-0002428-6081,2027-10-31,base,foundry-field
OPERATING,0.0000,3600.0000,OB-base-ENT-base-0002429-6083,2027-10-31,base,foundry-field
OPERATING,0.0000,2400.0000,OB-base-ENT-base-0002430-6085,2027-10-31,base,foundry-field
OPERATING,0.0000,3000.0000,OB-base-ENT-base-0002431-6087,2027-10-31,base,foundry-field
OPERATING,0.0000,3600.0000,OB-base-ENT-base-0002432-6089,2027-10-31,base,foundry-field
OPERATING,0.0000,1800.0000,OB-base-ENT-base-0002433-6091,2027-10-31,base,foundry-field
OPERATING,0.0000,2400.0000,OB-base-ENT-base-0002434-6093,2027-10-31,base,foundry-field
OPERATING,0.0000,3000.0000,OB-base-ENT-base-0002435-6095,2027-10-31,base,foundry-field
OPERATING,0.0000,3600.0000,OB-base-ENT-base-0002436-6097,2027-10-31,base,foundry-field
OPERATING,0.0000,1800.0000,OB-base-ENT-base-0002437-6099,2027-10-31,base,foundry-field
OPERATING,0.0000,2400.0000,OB-base-ENT-base-0002438-6101,2027-10-31,base,foundry-field
OPERATING,0.0000,3000.0000,OB-base-ENT-base-0002439-6103,2027-10-31,base,foundry-field
OPERATING,0.0000,3600.0000,OB-base-ENT-base-0002440-6105,2027-10-31,base,foundry-field
OPERATING,0.0000,1800.0000,OB-base-ENT-base-0002441-6107,2027-10-31,base,foundry-field
OPERATING,0.0000,2400.0000,OB-base-ENT-base-0002442-6109,2027-10-31,base,foundry-field
OPERATING,0.0000,3000.0000,OB-base-ENT-base-0002443-6111,2027-10-31,base,foundry-field
OPERATING,0.0000,3600.0000,OB-base-ENT-base-0002444-6113,2027-10-31,base,foundry-field
OPERATING,0.0000,1800.0000,OB-base-ENT-base-0002445-6115,2027-10-31,base,foundry-field
OPERATING,0.0000,2400.0000,OB-base-ENT-base-0002446-6117,2027-10-31,base,foundry-field
OPERATING,0.0000,3000.0000,OB-base-ENT-base-0002447-6119,2027-10-31,base,foundry-field
OPERATING,0.0000,3600.0000,OB-base-ENT-base-0002448-6121,2027-10-31,base,foundry-field
OPERATING,0.0000,1800.0000,OB-base-ENT-base-0002449-6123,2027-10-31,base,foundry-field
OPERATING,0.0000,2400.0000,OB-base-ENT-base-0002450-6125,2027-10-31,base,foundry-field
OPERATING,0.0000,3000.0000,OB-base-ENT-base-0002451-6127,2027-10-31,base,foundry-field
OPERATING,0.0000,3600.0000,OB-base-ENT-base-0002452-6129,2027-10-31,base,foundry-field
OPERATING,0.0000,1800.0000,OB-base-ENT-base-0002453-6131,2027-10-31,base,foundry-field
OPERATING,0.0000,2400.0000,OB-base-ENT-base-0002454-6133,2027-10-31,base,foundry-field
OPERATING,0.0000,3000.0000,OB-base-ENT-base-0002455-6135,2027-10-31,base,foundry-field
OPERATING,0.0000,3600.0000,OB-base-ENT-base-0002456-6137,2027-10-31,base,foundry-field
OPERATING,0.0000,1800.0000,OB-base-ENT-base-0002457-6139,2027-10-31,base,foundry-field
OPERATING,0.0000,2400.0000,OB-base-ENT-base-0002458-6141,2027-10-31,base,foundry-field
OPERATING,0.0000,3000.0000,OB-base-ENT-base-0002459-6143,2027-10-31,base,foundry-field
OPERATING,0.0000,3600.0000,OB-base-ENT-base-0002460-6145,2027-10-31,base,foundry-field
OPERATING,0.0000,1800.0000,OB-base-ENT-base-0002461-6147,2027-10-31,base,foundry-field
OPERATING,0.0000,2400.0000,OB-base-ENT-base-0002462-6149,2027-10-31,base,foundry-field
OPERATING,0.0000,3600.0000,OB-base-ENT-base-0002463-6151,2027-10-31,base,foundry-field
OPERATING,0.0000,1400.0000,OB-base-ENT-base-0002464-6153,2027-10-31,base,atlas-meridian
OPERATING,0.0000,1600.0000,OB-base-ENT-base-0002465-6155,2027-10-31,base,atlas-meridian
OPERATING,0.0000,1800.0000,OB-base-ENT-base-0002466-6157,2027-10-31,base,atlas-meridian
OPERATING,0.0000,1200.0000,OB-base-ENT-base-0002467-6159,2027-10-31,base,atlas-meridian
OPERATING,0.0000,1400.0000,OB-base-ENT-base-0002468-6161,2027-10-31,base,atlas-meridian
OPERATING,0.0000,1600.0000,OB-base-ENT-base-0002469-6163,2027-10-31,base,atlas-meridian
OPERATING,0.0000,1800.0000,OB-base-ENT-base-0002470-6165,2027-10-31,base,atlas-meridian
OPERATING,0.0000,1200.0000,OB-base-ENT-base-0002471-6167,2027-10-31,base,atlas-meridian
OPERATING,0.0000,1400.0000,OB-base-ENT-base-0002472-6169,2027-10-31,base,atlas-meridian
OPERATING,0.0000,1400.0000,OB-base-ENT-base-0002473-6171,2027-10-31,base,atlas-meridian
OPERATING,0.0000,1600.0000,OB-base-ENT-base-0002474-6173,2027-10-31,base,atlas-meridian
OPERATING,0.0000,1800.0000,OB-base-ENT-base-0002475-6175,2027-10-31,base,atlas-meridian
OPERATING,0.0000,2940.0000,OB-base-ENT-base-0002476-6177,2027-10-31,base,advisory
OPERATING,0.0000,3360.0000,OB-base-ENT-base-0002477-6179,2027-10-31,base,advisory
OPERATING,0.0000,4200.0000,OB-base-ENT-base-0002478-6181,2027-10-31,base,advisory
OPERATING,0.0000,5040.0000,OB-base-ENT-base-0002479-6183,2027-10-31,base,advisory
OPERATING,0.0000,2940.0000,OB-base-ENT-base-0002480-6185,2027-10-31,base,advisory
OPERATING,0.0000,3360.0000,OB-base-ENT-base-0002481-6187,2027-10-31,base,advisory
OPERATING,0.0000,8550.0000,OB-base-ENT-base-0002482-6189,2027-10-31,base,atlas-meridian
OPERATING,0.0000,8550.0000,OB-base-ENT-base-0002483-6191,2027-10-31,base,atlas-meridian
OPERATING,0.0000,9000.0000,OB-base-ENT-base-0002484-6193,2027-10-31,base,willow
OPERATING,0.0000,18000.0000,OB-base-ENT-base-0002485-6195,2027-10-31,base,willow
OPERATING,0.0000,8000.0000,OB-base-ENT-base-0002486-6197,2027-10-31,base,willow
OPERATING,0.0000,8580.0000,OB-base-ENT-base-0002487-6199,2027-10-31,base,project-cradle
OPERATING,0.0000,18500.0000,OB-base-ENT-base-0002488-6201,2027-10-31,base,project-cradle
OPERATING,0.0000,19952.0640,OB-base-ENT-base-0002489-6203,2027-10-31,base,project-cradle
OPERATING,0.0000,1945416.6613,OB-base-ENT-base-0002490-6205,2027-10-31,base,foundry-field
OPERATING,0.0000,539583.3321,OB-base-ENT-base-0002491-6207,2027-10-31,base,atlas-meridian
OPERATING,0.0000,420833.3344,OB-base-ENT-base-0002492-6209,2027-10-31,base,advisory
OPERATING,0.0000,292500.0000,OB-base-ENT-base-0002493-6211,2027-10-31,base,willow
OPERATING,0.0000,197916.6673,OB-base-ENT-base-0002494-6213,2027-10-31,base,project-cradle
OPERATING,0.0000,2834999.9956,OB-base-ENT-base-0002495-6215,2027-10-31,base,corporate
FINANCING,0.0000,100000.0000,OB-base-ENT-base-0002412-6049,2027-10-31,base,corporate
OPERATING,0.0000,185791.6667,OB-base-ENT-base-0002661-6587,2027-11-30,base,corporate
OPERATING,0.0000,113000.0000,OB-base-ENT-base-0002673-6611,2027-11-30,base,corporate
OPERATING,0.0000,2400.0000,OB-base-ENT-base-0002674-6613,2027-11-30,base,foundry-field
OPERATING,0.0000,3000.0000,OB-base-ENT-base-0002675-6615,2027-11-30,base,foundry-field
OPERATING,0.0000,3600.0000,OB-base-ENT-base-0002676-6617,2027-11-30,base,foundry-field
OPERATING,0.0000,2400.0000,OB-base-ENT-base-0002677-6619,2027-11-30,base,foundry-field
OPERATING,0.0000,3000.0000,OB-base-ENT-base-0002678-6621,2027-11-30,base,foundry-field
OPERATING,0.0000,3600.0000,OB-base-ENT-base-0002679-6623,2027-11-30,base,foundry-field
OPERATING,0.0000,1800.0000,OB-base-ENT-base-0002680-6625,2027-11-30,base,foundry-field
OPERATING,0.0000,2400.0000,OB-base-ENT-base-0002681-6627,2027-11-30,base,foundry-field
OPERATING,0.0000,3000.0000,OB-base-ENT-base-0002682-6629,2027-11-30,base,foundry-field
OPERATING,0.0000,3600.0000,OB-base-ENT-base-0002683-6631,2027-11-30,base,foundry-field
OPERATING,0.0000,1800.0000,OB-base-ENT-base-0002684-6633,2027-11-30,base,foundry-field
OPERATING,0.0000,2400.0000,OB-base-ENT-base-0002685-6635,2027-11-30,base,foundry-field
OPERATING,0.0000,3000.0000,OB-base-ENT-base-0002686-6637,2027-11-30,base,foundry-field
OPERATING,0.0000,3600.0000,OB-base-ENT-base-0002687-6639,2027-11-30,base,foundry-field
OPERATING,0.0000,1800.0000,OB-base-ENT-base-0002688-6641,2027-11-30,base,foundry-field
OPERATING,0.0000,2400.0000,OB-base-ENT-base-0002689-6643,2027-11-30,base,foundry-field
OPERATING,0.0000,3000.0000,OB-base-ENT-base-0002690-6645,2027-11-30,base,foundry-field
OPERATING,0.0000,3600.0000,OB-base-ENT-base-0002691-6647,2027-11-30,base,foundry-field
OPERATING,0.0000,1800.0000,OB-base-ENT-base-0002692-6649,2027-11-30,base,foundry-field
OPERATING,0.0000,2400.0000,OB-base-ENT-base-0002693-6651,2027-11-30,base,foundry-field
OPERATING,0.0000,3000.0000,OB-base-ENT-base-0002694-6653,2027-11-30,base,foundry-field
OPERATING,0.0000,3600.0000,OB-base-ENT-base-0002695-6655,2027-11-30,base,foundry-field
OPERATING,0.0000,1800.0000,OB-base-ENT-base-0002696-6657,2027-11-30,base,foundry-field
OPERATING,0.0000,2400.0000,OB-base-ENT-base-0002697-6659,2027-11-30,base,foundry-field
OPERATING,0.0000,3000.0000,OB-base-ENT-base-0002698-6661,2027-11-30,base,foundry-field
OPERATING,0.0000,3600.0000,OB-base-ENT-base-0002699-6663,2027-11-30,base,foundry-field
OPERATING,0.0000,1800.0000,OB-base-ENT-base-0002700-6665,2027-11-30,base,foundry-field
OPERATING,0.0000,2400.0000,OB-base-ENT-base-0002701-6667,2027-11-30,base,foundry-field
OPERATING,0.0000,3000.0000,OB-base-ENT-base-0002702-6669,2027-11-30,base,foundry-field
OPERATING,0.0000,3600.0000,OB-base-ENT-base-0002703-6671,2027-11-30,base,foundry-field
OPERATING,0.0000,1800.0000,OB-base-ENT-base-0002704-6673,2027-11-30,base,foundry-field
OPERATING,0.0000,2400.0000,OB-base-ENT-base-0002705-6675,2027-11-30,base,foundry-field
OPERATING,0.0000,3000.0000,OB-base-ENT-base-0002706-6677,2027-11-30,base,foundry-field
OPERATING,0.0000,3600.0000,OB-base-ENT-base-0002707-6679,2027-11-30,base,foundry-field
OPERATING,0.0000,1800.0000,OB-base-ENT-base-0002708-6681,2027-11-30,base,foundry-field
OPERATING,0.0000,2400.0000,OB-base-ENT-base-0002709-6683,2027-11-30,base,foundry-field
OPERATING,0.0000,3600.0000,OB-base-ENT-base-0002710-6685,2027-11-30,base,foundry-field
OPERATING,0.0000,1800.0000,OB-base-ENT-base-0002711-6687,2027-11-30,base,foundry-field
OPERATING,0.0000,1400.0000,OB-base-ENT-base-0002712-6689,2027-11-30,base,atlas-meridian
OPERATING,0.0000,1600.0000,OB-base-ENT-base-0002713-6691,2027-11-30,base,atlas-meridian
OPERATING,0.0000,1800.0000,OB-base-ENT-base-0002714-6693,2027-11-30,base,atlas-meridian
OPERATING,0.0000,1200.0000,OB-base-ENT-base-0002715-6695,2027-11-30,base,atlas-meridian
OPERATING,0.0000,1400.0000,OB-base-ENT-base-0002716-6697,2027-11-30,base,atlas-meridian
OPERATING,0.0000,1600.0000,OB-base-ENT-base-0002717-6699,2027-11-30,base,atlas-meridian
OPERATING,0.0000,1800.0000,OB-base-ENT-base-0002718-6701,2027-11-30,base,atlas-meridian
OPERATING,0.0000,1200.0000,OB-base-ENT-base-0002719-6703,2027-11-30,base,atlas-meridian
OPERATING,0.0000,1400.0000,OB-base-ENT-base-0002720-6705,2027-11-30,base,atlas-meridian
OPERATING,0.0000,1600.0000,OB-base-ENT-base-0002721-6707,2027-11-30,base,atlas-meridian
OPERATING,0.0000,1400.0000,OB-base-ENT-base-0002722-6709,2027-11-30,base,atlas-meridian
OPERATING,0.0000,1600.0000,OB-base-ENT-base-0002723-6711,2027-11-30,base,atlas-meridian
OPERATING,0.0000,1800.0000,OB-base-ENT-base-0002724-6713,2027-11-30,base,atlas-meridian
OPERATING,0.0000,2100.0000,OB-base-ENT-base-0002725-6715,2027-11-30,base,advisory
OPERATING,0.0000,2520.0000,OB-base-ENT-base-0002726-6717,2027-11-30,base,advisory
OPERATING,0.0000,6762.0000,OB-base-ENT-base-0002727-6719,2027-11-30,base,advisory
OPERATING,0.0000,6720.0000,OB-base-ENT-base-0002728-6721,2027-11-30,base,advisory
OPERATING,0.0000,2100.0000,OB-base-ENT-base-0002729-6723,2027-11-30,base,advisory
OPERATING,0.0000,2520.0000,OB-base-ENT-base-0002730-6725,2027-11-30,base,advisory
OPERATING,0.0000,8550.0000,OB-base-ENT-base-0002731-6727,2027-11-30,base,atlas-meridian
OPERATING,0.0000,18000.0000,OB-base-ENT-base-0002732-6729,2027-11-30,base,willow
OPERATING,0.0000,8000.0000,OB-base-ENT-base-0002733-6731,2027-11-30,base,willow
OPERATING,0.0000,8580.0000,OB-base-ENT-base-0002734-6733,2027-11-30,base,project-cradle
OPERATING,0.0000,18500.0000,OB-base-ENT-base-0002735-6735,2027-11-30,base,project-cradle
OPERATING,0.0000,3979.8000,OB-base-ENT-base-0002736-6737,2027-11-30,base,project-cradle
OPERATING,0.0000,1945416.6613,OB-base-ENT-base-0002737-6739,2027-11-30,base,foundry-field
OPERATING,0.0000,539583.3321,OB-base-ENT-base-0002738-6741,2027-11-30,base,atlas-meridian
OPERATING,0.0000,420833.3344,OB-base-ENT-base-0002739-6743,2027-11-30,base,advisory
OPERATING,0.0000,292500.0000,OB-base-ENT-base-0002740-6745,2027-11-30,base,willow
OPERATING,0.0000,197916.6673,OB-base-ENT-base-0002741-6747,2027-11-30,base,project-cradle
OPERATING,0.0000,2834999.9956,OB-base-ENT-base-0002742-6749,2027-11-30,base,corporate
FINANCING,0.0000,100000.0000,OB-base-ENT-base-0002662-6589,2027-11-30,base,corporate
OPERATING,0.0000,185250.0000,OB-base-ENT-base-0002906-7116,2027-12-31,base,corporate
OPERATING,0.0000,113000.0000,OB-base-ENT-base-0002915-7134,2027-12-31,base,corporate
OPERATING,0.0000,2400.0000,OB-base-ENT-base-0002916-7136,2027-12-31,base,foundry-field
OPERATING,0.0000,3000.0000,OB-base-ENT-base-0002917-7138,2027-12-31,base,foundry-field
OPERATING,0.0000,3600.0000,OB-base-ENT-base-0002918-7140,2027-12-31,base,foundry-field
OPERATING,0.0000,2400.0000,OB-base-ENT-base-0002919-7142,2027-12-31,base,foundry-field
OPERATING,0.0000,3000.0000,OB-base-ENT-base-0002920-7144,2027-12-31,base,foundry-field
OPERATING,0.0000,3600.0000,OB-base-ENT-base-0002921-7146,2027-12-31,base,foundry-field
OPERATING,0.0000,1800.0000,OB-base-ENT-base-0002922-7148,2027-12-31,base,foundry-field
OPERATING,0.0000,2400.0000,OB-base-ENT-base-0002923-7150,2027-12-31,base,foundry-field
OPERATING,0.0000,3000.0000,OB-base-ENT-base-0002924-7152,2027-12-31,base,foundry-field
OPERATING,0.0000,3600.0000,OB-base-ENT-base-0002925-7154,2027-12-31,base,foundry-field
OPERATING,0.0000,1800.0000,OB-base-ENT-base-0002926-7156,2027-12-31,base,foundry-field
OPERATING,0.0000,2400.0000,OB-base-ENT-base-0002927-7158,2027-12-31,base,foundry-field
OPERATING,0.0000,3000.0000,OB-base-ENT-base-0002928-7160,2027-12-31,base,foundry-field
OPERATING,0.0000,3600.0000,OB-base-ENT-base-0002929-7162,2027-12-31,base,foundry-field
OPERATING,0.0000,1800.0000,OB-base-ENT-base-0002930-7164,2027-12-31,base,foundry-field
OPERATING,0.0000,2400.0000,OB-base-ENT-base-0002931-7166,2027-12-31,base,foundry-field
OPERATING,0.0000,3000.0000,OB-base-ENT-base-0002932-7168,2027-12-31,base,foundry-field
OPERATING,0.0000,3600.0000,OB-base-ENT-base-0002933-7170,2027-12-31,base,foundry-field
OPERATING,0.0000,1800.0000,OB-base-ENT-base-0002934-7172,2027-12-31,base,foundry-field
OPERATING,0.0000,2400.0000,OB-base-ENT-base-0002935-7174,2027-12-31,base,foundry-field
OPERATING,0.0000,3000.0000,OB-base-ENT-base-0002936-7176,2027-12-31,base,foundry-field
OPERATING,0.0000,3600.0000,OB-base-ENT-base-0002937-7178,2027-12-31,base,foundry-field
OPERATING,0.0000,1800.0000,OB-base-ENT-base-0002938-7180,2027-12-31,base,foundry-field
OPERATING,0.0000,2400.0000,OB-base-ENT-base-0002939-7182,2027-12-31,base,foundry-field
OPERATING,0.0000,3000.0000,OB-base-ENT-base-0002940-7184,2027-12-31,base,foundry-field
OPERATING,0.0000,3600.0000,OB-base-ENT-base-0002941-7186,2027-12-31,base,foundry-field
OPERATING,0.0000,1800.0000,OB-base-ENT-base-0002942-7188,2027-12-31,base,foundry-field
OPERATING,0.0000,2400.0000,OB-base-ENT-base-0002943-7190,2027-12-31,base,foundry-field
OPERATING,0.0000,3000.0000,OB-base-ENT-base-0002944-7192,2027-12-31,base,foundry-field
OPERATING,0.0000,3600.0000,OB-base-ENT-base-0002945-7194,2027-12-31,base,foundry-field
OPERATING,0.0000,1800.0000,OB-base-ENT-base-0002946-7196,2027-12-31,base,foundry-field
OPERATING,0.0000,2400.0000,OB-base-ENT-base-0002947-7198,2027-12-31,base,foundry-field
OPERATING,0.0000,3000.0000,OB-base-ENT-base-0002948-7200,2027-12-31,base,foundry-field
OPERATING,0.0000,3600.0000,OB-base-ENT-base-0002949-7202,2027-12-31,base,foundry-field
OPERATING,0.0000,1800.0000,OB-base-ENT-base-0002950-7204,2027-12-31,base,foundry-field
OPERATING,0.0000,2400.0000,OB-base-ENT-base-0002951-7206,2027-12-31,base,foundry-field
OPERATING,0.0000,3600.0000,OB-base-ENT-base-0002952-7208,2027-12-31,base,foundry-field
OPERATING,0.0000,1800.0000,OB-base-ENT-base-0002953-7210,2027-12-31,base,foundry-field
OPERATING,0.0000,2400.0000,OB-base-ENT-base-0002954-7212,2027-12-31,base,foundry-field
OPERATING,0.0000,1400.0000,OB-base-ENT-base-0002955-7214,2027-12-31,base,atlas-meridian
OPERATING,0.0000,1600.0000,OB-base-ENT-base-0002956-7216,2027-12-31,base,atlas-meridian
OPERATING,0.0000,1800.0000,OB-base-ENT-base-0002957-7218,2027-12-31,base,atlas-meridian
OPERATING,0.0000,1200.0000,OB-base-ENT-base-0002958-7220,2027-12-31,base,atlas-meridian
OPERATING,0.0000,1400.0000,OB-base-ENT-base-0002959-7222,2027-12-31,base,atlas-meridian
OPERATING,0.0000,1600.0000,OB-base-ENT-base-0002960-7224,2027-12-31,base,atlas-meridian
OPERATING,0.0000,1800.0000,OB-base-ENT-base-0002961-7226,2027-12-31,base,atlas-meridian
OPERATING,0.0000,1200.0000,OB-base-ENT-base-0002962-7228,2027-12-31,base,atlas-meridian
OPERATING,0.0000,1400.0000,OB-base-ENT-base-0002963-7230,2027-12-31,base,atlas-meridian
OPERATING,0.0000,1600.0000,OB-base-ENT-base-0002964-7232,2027-12-31,base,atlas-meridian
OPERATING,0.0000,1800.0000,OB-base-ENT-base-0002965-7234,2027-12-31,base,atlas-meridian
OPERATING,0.0000,1400.0000,OB-base-ENT-base-0002966-7236,2027-12-31,base,atlas-meridian
OPERATING,0.0000,1600.0000,OB-base-ENT-base-0002967-7238,2027-12-31,base,atlas-meridian
OPERATING,0.0000,1800.0000,OB-base-ENT-base-0002968-7240,2027-12-31,base,atlas-meridian
OPERATING,0.0000,2940.0000,OB-base-ENT-base-0002969-7242,2027-12-31,base,advisory
OPERATING,0.0000,3360.0000,OB-base-ENT-base-0002970-7244,2027-12-31,base,advisory
OPERATING,0.0000,4200.0000,OB-base-ENT-base-0002971-7246,2027-12-31,base,advisory
OPERATING,0.0000,5040.0000,OB-base-ENT-base-0002972-7248,2027-12-31,base,advisory
OPERATING,0.0000,2940.0000,OB-base-ENT-base-0002973-7250,2027-12-31,base,advisory
OPERATING,0.0000,3360.0000,OB-base-ENT-base-0002974-7252,2027-12-31,base,advisory
OPERATING,0.0000,8550.0000,OB-base-ENT-base-0002975-7254,2027-12-31,base,atlas-meridian
OPERATING,0.0000,8580.0000,OB-base-ENT-base-0002976-7256,2027-12-31,base,project-cradle
OPERATING,0.0000,18500.0000,OB-base-ENT-base-0002977-7258,2027-12-31,base,project-cradle
OPERATING,0.0000,3979.8000,OB-base-ENT-base-0002978-7260,2027-12-31,base,project-cradle
OPERATING,0.0000,19952.0640,OB-base-ENT-base-0002979-7262,2027-12-31,base,project-cradle
OPERATING,0.0000,1945416.6613,OB-base-ENT-base-0002980-7264,2027-12-31,base,foundry-field
OPERATING,0.0000,539583.3321,OB-base-ENT-base-0002981-7266,2027-12-31,base,atlas-meridian
OPERATING,0.0000,420833.3344,OB-base-ENT-base-0002982-7268,2027-12-31,base,advisory
OPERATING,0.0000,292500.0000,OB-base-ENT-base-0002983-7270,2027-12-31,base,willow
OPERATING,0.0000,197916.6673,OB-base-ENT-base-0002984-7272,2027-12-31,base,project-cradle
OPERATING,0.0000,2846666.6623,OB-base-ENT-base-0002985-7274,2027-12-31,base,corporate
FINANCING,0.0000,100000.0000,OB-base-ENT-base-0002907-7118,2027-12-31,base,corporate
