accumulated_usd,asset_id,cost_usd,net_book_usd,original_site,period,scenario,unit
0.0000,FORT-TEST-RIG,240000.0000,240000.0000,WIL-FORT-PGH,2027-01-31,base,willow
0.0000,STREAM17-MODULE,320000.0000,320000.0000,CRD-KGM17,2027-01-31,base,project-cradle
4000.0000,FORT-TEST-RIG,240000.0000,236000.0000,WIL-FORT-PGH,2027-02-28,base,willow
0.0000,FORT-ANALYTICAL,180000.0000,180000.0000,WIL-FORT-PGH,2027-02-28,base,willow
0.0000,BEDFORD-MODULE,650000.0000,650000.0000,CRD-BEDFORD,2027-02-28,base,project-cradle
5333.3333,STREAM17-MODULE,320000.0000,314666.6667,CRD-KGM17,2027-02-28,base,project-cradle
8000.0000,FORT-TEST-RIG,240000.0000,232000.0000,WIL-FORT-PGH,2027-03-31,base,willow
3000.0000,FORT-ANALYTICAL,180000.0000,177000.0000,WIL-FORT-PGH,2027-03-31,base,willow
7738.0952,BEDFORD-MODULE,650000.0000,642261.9048,CRD-BEDFORD,2027-03-31,base,project-cradle
10666.6666,STREAM17-MODULE,320000.0000,309333.3334,CRD-KGM17,2027-03-31,base,project-cradle
12000.0000,FORT-TEST-RIG,240000.0000,228000.0000,WIL-FORT-PGH,2027-04-30,base,willow
6000.0000,FORT-ANALYTICAL,180000.0000,174000.0000,WIL-FORT-PGH,2027-04-30,base,willow
15476.1904,BEDFORD-MODULE,650000.0000,634523.8096,CRD-BEDFORD,2027-04-30,base,project-cradle
15999.9999,STREAM17-MODULE,320000.0000,304000.0001,CRD-KGM17,2027-04-30,base,project-cradle
16000.0000,FORT-TEST-RIG,240000.0000,224000.0000,WIL-FORT-PGH,2027-05-31,base,willow
9000.0000,FORT-ANALYTICAL,180000.0000,171000.0000,WIL-FORT-PGH,2027-05-31,base,willow
23214.2856,BEDFORD-MODULE,650000.0000,626785.7144,CRD-BEDFORD,2027-05-31,base,project-cradle
21333.3332,STREAM17-MODULE,320000.0000,298666.6668,CRD-KGM17,2027-05-31,base,project-cradle
0.0000,DEMOTTE-GEN2,210000.0000,210000.0000,CRD-DEMOTTE,2027-05-31,base,project-cradle
20000.0000,FORT-TEST-RIG,240000.0000,220000.0000,WIL-FORT-PGH,2027-06-30,base,willow
12000.0000,FORT-ANALYTICAL,180000.0000,168000.0000,WIL-FORT-PGH,2027-06-30,base,willow
30952.3808,BEDFORD-MODULE,650000.0000,619047.6192,CRD-BEDFORD,2027-06-30,base,project-cradle
26666.6665,STREAM17-MODULE,320000.0000,293333.3335,CRD-KGM17,2027-06-30,base,project-cradle
3500.0000,DEMOTTE-GEN2,210000.0000,206500.0000,CRD-DEMOTTE,2027-06-30,base,project-cradle
24000.0000,FORT-TEST-RIG,240000.0000,216000.0000,WIL-FORT-PGH,2027-07-31,base,willow
15000.0000,FORT-ANALYTICAL,180000.0000,165000.0000,WIL-FORT-PGH,2027-07-31,base,willow
38690.4760,BEDFORD-MODULE,650000.0000,611309.5240,CRD-BEDFORD,2027-07-31,base,project-cradle
31999.9998,STREAM17-MODULE,320000.0000,288000.0002,CRD-KGM17,2027-07-31,base,project-cradle
7000.0000,DEMOTTE-GEN2,210000.0000,203000.0000,CRD-DEMOTTE,2027-07-31,base,project-cradle
28000.0000,FORT-TEST-RIG,240000.0000,212000.0000,WIL-FORT-PGH,2027-08-31,base,willow
18000.0000,FORT-ANALYTICAL,180000.0000,162000.0000,WIL-FORT-PGH,2027-08-31,base,willow
46428.5712,BEDFORD-MODULE,650000.0000,603571.4288,CRD-BEDFORD,2027-08-31,base,project-cradle
37333.3331,STREAM17-MODULE,320000.0000,282666.6669,CRD-KGM17,2027-08-31,base,project-cradle
10500.0000,DEMOTTE-GEN2,210000.0000,199500.0000,CRD-DEMOTTE,2027-08-31,base,project-cradle
32000.0000,FORT-TEST-RIG,240000.0000,208000.0000,WIL-FORT-PGH,2027-09-30,base,willow
21000.0000,FORT-ANALYTICAL,180000.0000,159000.0000,WIL-FORT-PGH,2027-09-30,base,willow
54166.6664,BEDFORD-MODULE,650000.0000,595833.3336,CRD-BEDFORD,2027-09-30,base,project-cradle
42666.6664,STREAM17-MODULE,320000.0000,277333.3336,CRD-KGM17,2027-09-30,base,project-cradle
14000.0000,DEMOTTE-GEN2,210000.0000,196000.0000,CRD-DEMOTTE,2027-09-30,base,project-cradle
36000.0000,FORT-TEST-RIG,240000.0000,204000.0000,WIL-FORT-PGH,2027-10-31,base,foundry-field
24000.0000,FORT-ANALYTICAL,180000.0000,156000.0000,WIL-FORT-PGH,2027-10-31,base,willow
61904.7616,BEDFORD-MODULE,650000.0000,588095.2384,CRD-BEDFORD,2027-10-31,base,project-cradle
47999.9997,STREAM17-MODULE,320000.0000,272000.0003,CRD-KGM17,2027-10-31,base,project-cradle
17500.0000,DEMOTTE-GEN2,210000.0000,192500.0000,CRD-DEMOTTE,2027-10-31,base,project-cradle
40000.0000,FORT-TEST-RIG,240000.0000,200000.0000,WIL-FORT-PGH,2027-11-30,base,foundry-field
27000.0000,FORT-ANALYTICAL,180000.0000,153000.0000,WIL-FORT-PGH,2027-11-30,base,willow
69642.8568,BEDFORD-MODULE,650000.0000,580357.1432,CRD-BEDFORD,2027-11-30,base,project-cradle
53333.3330,STREAM17-MODULE,320000.0000,266666.6670,CRD-KGM17,2027-11-30,base,project-cradle
21000.0000,DEMOTTE-GEN2,210000.0000,189000.0000,CRD-DEMOTTE,2027-11-30,base,project-cradle
44000.0000,FORT-TEST-RIG,240000.0000,196000.0000,WIL-FORT-PGH,2027-12-31,base,foundry-field
30000.0000,FORT-ANALYTICAL,180000.0000,150000.0000,WIL-FORT-PGH,2027-12-31,base,willow
77380.9520,BEDFORD-MODULE,650000.0000,572619.0480,CRD-BEDFORD,2027-12-31,base,project-cradle
58666.6663,STREAM17-MODULE,320000.0000,261333.3337,CRD-KGM17,2027-12-31,base,project-cradle
24500.0000,DEMOTTE-GEN2,210000.0000,185500.0000,CRD-DEMOTTE,2027-12-31,base,project-cradle
