action,change_id,month_index,period,person_id,position_id,prior_person_id,scenario,state,unit
LEAVE,WF-001,3,2027-03-31,SYN-PERSON-ADVISORY-010,SYN-ADVISORY-010,SYN-PERSON-ADVISORY-010,base,APPLIED_CONDITIONAL_PLANNING_EVENT,advisory
RETURN,WF-002,5,2027-05-31,SYN-PERSON-ADVISORY-010,SYN-ADVISORY-010,SYN-PERSON-ADVISORY-010,base,APPLIED_CONDITIONAL_PLANNING_EVENT,advisory
JOIN,WF-003,7,2027-07-31,SYN-PERSON-FF-NEW-001,SYN-FOUNDRY-FIELD-161,,base,APPLIED_CONDITIONAL_PLANNING_EVENT,foundry-field
ASSIGNMENT_TRANSFER,WF-004,8,2027-08-31,SYN-PERSON-WILLOW-003,SYN-WILLOW-003,SYN-PERSON-WILLOW-003,base,APPLIED_CONDITIONAL_PLANNING_EVENT,willow
EXIT,WF-005,9,2027-09-30,,SYN-FOUNDRY-FIELD-005,SYN-PERSON-FOUNDRY-FIELD-005,base,APPLIED_CONDITIONAL_PLANNING_EVENT,foundry-field
JOIN,WF-007,9,2027-09-30,SYN-PERSON-ATLAS-NEW-037,SYN-ATLAS-MERIDIAN-037,,base,APPLIED_CONDITIONAL_PLANNING_EVENT,atlas-meridian
JOIN,WF-006,10,2027-10-31,SYN-PERSON-FF-REPLACEMENT-005,SYN-FOUNDRY-FIELD-005,,base,APPLIED_CONDITIONAL_PLANNING_EVENT,foundry-field
JOIN,WF-008,10,2027-10-31,SYN-PERSON-CRADLE-NEW-019,SYN-PROJECT-CRADLE-019,,base,APPLIED_CONDITIONAL_PLANNING_EVENT,project-cradle
JOIN,WF-009,12,2027-12-31,SYN-PERSON-ESS-NEW-049,SYN-ESS-049,,base,APPLIED_CONDITIONAL_PLANNING_EVENT,corporate
