object_id,canonical_name,object_type,entity_id,place,granularity,census_status,canon_status,fictionality,source_id,source_path,source_commit,source_locator,exact_source_wording,relevant_date,date_precision,conflict_id,next_action,notes,decision_id
SH-SITE-0001,Sacramento headquarters campus,CAMPUS,SH-ENT-001,"Sacramento, California",CITY_OR_DISTRICT,CONSTRAINED,CANON_CONSTRAINED,FICTIONAL_IN_REAL_GEOGRAPHY,SRC-1412A4959F32,docs/canon/DECISION_REGISTER_ADDENDUM_2026-09-03.md,8d20e51a7cf0068729e3296840ccb5ba1ac1d7bd,line:36,"| HQ-001 | Headquarters location | LOCKED | Sable Harbor headquarters is in Sacramento, California. |",,UNKNOWN,,Retain source constraint; exact footprint and valid dates require supported implementation.,"City locked; Railyards/River District seam is the handover constraint. 8–15 acres is a design range, not a legal parcel.",GEO-D001
SH-SITE-0002,Klein historical Pittsburgh-area shop,HISTORICAL_LAB,SH-ENT-003,"Pittsburgh area, Pennsylvania",CITY_OR_DISTRICT,CONFLICTING,CONFLICTING,FICTIONAL_IN_REAL_GEOGRAPHY,SRC-CURRENT-CURRENT-LORE,docs/canon/SABLE_HARBOR_CORPORATE_LORE_CANON_v0.3.1.md,d91a22c35c91b213204411421de88815f27d8e16,line:579,"Klein leases a light-industrial building outside Pittsburgh with three-phase power, a loading dock, machine tools, improvised test fixtures, and enough space to bring physical equipment indoors.",2020–2022,YEAR_OR_RANGE,GEO-C002,Resolve only historical shop versus Hazelwood occupancy linkage.,Historical shop outside Pittsburgh; no in-world Evalon-to-Klein rename and no assumed same-site history with the Fort.,GEO-D017
SH-SITE-0003,The Fort — Willow industrial compound,LABORATORY,SH-ENT-002,"Pittsburgh area, Pennsylvania; Hazelwood study district retained",CITY_OR_DISTRICT,CONSTRAINED,CANON_CONSTRAINED,FICTIONAL_IN_REAL_GEOGRAPHY,SRC-CURRENT-FORT,docs/canon/WILLOW_KLEIN_CLOSEOUT_2026-09-06.md,d91a22c35c91b213204411421de88815f27d8e16,line:75,Willow's Pittsburgh-area physical center is a roughly **10–20 acre** industrial compound informally and then routinely called **the Fort**.,2022–2026,YEAR_OR_RANGE,,Site engineering and occupancy history; preserve GEO-C002 without reopening Fort concept.,"10–20 acres; Big Shed research, Small Shed administration/temporary lodging, White Shed intake/storage, Museum working yard. Exact parcel and historical occupancy remain unlocated.",GEO-D017
SH-SITE-0004,Emberline Charleston program geography,FIELD_PROGRAM,SH-ENT-004,"Charleston, West Virginia",CITY_OR_DISTRICT,HISTORICAL,HISTORICAL,FICTIONAL_IN_REAL_GEOGRAPHY,SRC-A6FFA504C779,docs/canon/DECISION_REGISTER.md,8d20e51a7cf0068729e3296840ccb5ba1ac1d7bd,line:88,"| EMB-001 | Project Emberline | LOCKED supersession | 2022–2025 Charleston coal field/commercial venture, not standalone 2026 division |",2022–2025,YEAR_OR_RANGE,,Retain source constraint; exact footprint and valid dates require supported implementation.,Program 2022–2025; physical closure date and exact office not established. Do not depict a standalone 2026 Emberline division.,GEO-D007
SH-SITE-0005,Bedford — Cradle recovery-development center,RECOVERY_DEVELOPMENT,SH-ENT-005,"Fairmont area, north-central West Virginia",CITY_OR_DISTRICT,CONSTRAINED,CANON_CONSTRAINED,FICTIONAL_IN_REAL_GEOGRAPHY,SRC-CURRENT-CRADLE,docs/canon/CRADLE_CLOSEOUT_2026-09-06.md,d91a22c35c91b213204411421de88815f27d8e16,line:136,Bedford is located in the **Fairmont area of north-central West Virginia** on a fictional redeveloped industrial brownfield. The working site scale is approximately **15–20 acres**.,,UNKNOWN,,"Implement parcel, access, utilities and brownfield screen; regional business canon is closed.","15–20 acre fictional brownfield; separate from Demotte host treatment site. Belle/Kanawha is superseded editorial siting, not an in-world relocation.",GEO-D016
SH-SITE-0006,Red Wash Mine,UNDERGROUND_URANIUM_MINE,SH-ENT-007,"Great Divide Basin / Red Desert, Sweetwater County, Wyoming; anchor 42.22,-108.18",USER_CONTROL_COORDINATE,LOCKED,CANON_SITED,FICTIONAL_IN_REAL_GEOGRAPHY,SRC-ADDENDUM-20260905,geospatial/sources/GOVERNING_CANON_ADDENDUM_2026-09-05.md,,section:2.1-2.3,"Latitude: 42.22
    Longitude: -108.18",2025-07-18,DAY,,"Engineer full site polygon, access and rail relationship from approved anchor.",User-approved fictional map anchor; Carbon image geography superseded. No survey or real mine claim.,GEO-D010
SH-SITE-0007,Taylor — BS&T industrial town and operating hub,RAIL_SETTLEMENT,SH-ENT-009,"42.12 N, 108.10 W; Sweetwater County, Wyoming",CITY_OR_DISTRICT,LOCKED_DERIVED_IMPLEMENTATION,ENGINEERED,FICTIONAL_IN_REAL_GEOGRAPHY,SRC-CURRENT-OPS,industrial/source/operations.json,d91a22c35c91b213204411421de88815f27d8e16,/geography,"{""branch_route_miles"": 6.651523236388773, ""branches"": [{""end"": [-108.01259365641332, 41.90370776148441], ""id"": ""BST-EAST"", ""junction"": [-108.06913082528824, 41.86427758524971], ""miles"": 3.999999999999637}, {""end"": [-108.07098660485325, 42.03495699312325], ""id"": ""BST-MINERAL"", ""junction"": [-108.11616017126433, 42.017007957526936], ""miles"": 2.651523236389135}], ""county"": ""Sweetwater County"", ""county_geoid"": ""56037"", ""geojson_crs"": ""EPSG:4326; longitude then latitude"", ""historical_route_epochs"": [{""effective_date"": ""1898-04-06"", ""epoch"": ""1898"", ""event"": ""Coal-origin predecessor organized"", ""extent_state"": ""UNKNOWN_EARLY_ALIGNMENT"", ""history_id"": ""HIST-1898"", ""note"": ""The 1954 surviving-mileage estimate is not backdated into a measured 1898 network."", ""route_miles"": null}, {""effective_date"": ""1954-07-01"", ""epoch"": ""1954"", ""event"": ""Rescue and BS&T reorganization"", ""extent_state"": ""RECONSTRUCTED_RANGE_UNLOCATED"", ""history_id"": ""HIST-1954"", ""note"": ""14–16 surviving route-miles. Diagram placement is conceptual; no georeferenced historical survey or claim of an unchanged modern alignment."", ""route_miles"": null, ""surviving_route_miles_high"": 16, ""surviving_route_miles_low"": 14}, {""effective_date"": ""1968-10-14"", ""epoch"": ""1968"", ""event"": ""Taylor mainline extension and relocated industrial hub complete"", ""extent_state"": ""DERIVED_CASE_ENGINEERING_HISTORY"", ""gross_new_construction_miles"": null, ""history_id"": ""HIST-1968"", ""net_route_growth_from_1954_high"": 19.34847676361104, ""net_route_growth_from_1954_low"": 17.34847676361104, ""note"": ""Net route growth is bounded arithmetically. Gross construction and relocated old-line mileage remain unknown."", ""route_miles"": 33.34847676361104}, {""added_route_miles"": 4, ""effective_date"": ""1972-05-08"", ""epoch"": ""1972"", ""event"": ""East Materials branch added"", ""extent_state"": ""DERIVED_CASE_ENGINEERING_HISTORY"", ""history_id"": ""HIST-1972"", ""route_miles"": 37.34847676361104}, {""added_route_miles"": 2.651523236388961, ""effective_date"": ""1986-09-19"", ""epoch"": ""1986"", ""event"": ""Mineral Transfer branch added"", ""extent_state"": ""DERIVED_CASE_ENGINEERING_HISTORY"", ""history_id"": ""HIST-1986"", ""route_miles"": 40}, {""effective_date"": ""1991-01-02"", ""epoch"": ""1991"", ""event"": ""ARU becomes railway parent; route extent unchanged"", ""extent_state"": ""DERIVED_CASE_ENGINEERING_HISTORY"", ""history_id"": ""HIST-1991"", ""route_miles"": 40}, {""effective_date"": ""2026-09-05"", ""epoch"": ""2026"", ""event"": ""Current operating network"", ""extent_state"": ""CURRENT_SYNTHETIC_ENGINEERED_ALIGNMENT"", ""history_id"": null, ""note"": ""No Red Wash mine rail spur; parallel yard tracks excluded from route mileage."", ""route_miles"": 40}], ""last_mile_road_miles"": 9, ""mainline_route_miles"": 33.34847676361104, ""map_crs"": ""Local equirectangular metric frame, origin42N/-108.1E; mean Earth6371008.8m; screening map only"", ""network_geodesic_route_miles"": 39.99999999999981, ""red_wash_dem_screening_elevation_m"": 2098.42431640625, ""red_wash_lon_lat"": [-108.18, 42.22], ""red_wash_nad83_utm12_m"": [732748.7819909531, 4678053.6106418725], ""road_state"": ""SYNTHETIC existing industrial access, upgraded2026. Geometry is an engineered case assumption, not a verified public-road route or ROW."", ""route_miles_definition"": ""Unique centerline route miles. Parallel yard, shop and passing tracks excluded."", ""route_miles_target"": 40, ""selected_branch_bearings_degrees"": {""BST-EAST"": 45, ""BST-MINERAL"": 60}, ""selected_candidate"": ""TAYLOR-A"", ""selection_reason"": ""33.34848mi inherited screened mainline leaves6.65152mi for external customer branches. B37.06154/C38.81328mi leave too little independent branch estate. No candidate mine rail connector adopted."", ""source_file_sha256"": {""geography/candidate_comparison.json"": ""bf57f866ca9289227f23c17cc01733c942cbcdf1d3025999f5bb853a4101e982"", ""geography/dem_manifest.json"": ""3a6da11c438f93bdfc4050b31e3b3d008f752b78e02d10039a3f821fbd095c4b"", ""geography/derived_ground_profiles.json"": ""b1aad8b21f726c4012cb89a7e955dd3d621c0c6d32176fc990d0d1697ca7fbcf"", ""geography/network.geojson"": ""bd6ea938ec59f50c79ee0a23fb5aa2817dcb1bb98fce8a951a073d0152a406f5"", ""geography/reference_manifest.json"": ""f4ad599b41d8f0e3301408990fa3ccc7f626425a1f625db34263388e71f33783"", ""geography/selected_mainline.geojson"": ""31e41659650ea9117fdd2623ed0b9f2fcd024a7f29b9fb44591548f78251afc4"", ""geography/spatial_screen.json"": ""72ae6cd29e1d7ae131b96e9660a6e388fa4d2255907621e428b6df38d75de461"", ""geography/wamsutter_fra_rail.geojson"": ""d24d20bdae879bff9cbbbb2ca968e52697b42913aba7614e9dca7038542c9b42"", ""geography/wamsutter_highways.geojson"": ""81fe705260fefe9d195d4a1c8f362930af6aad7b6bf40064c9017795b838e24f"", ""geography/wyoming_counties.geojson"": ""77b08fefe008358324d49b9ef769257ad1aa5cb3f91f72ff15b8a37313a6e5ab"", ""geography/wyoming_dem_service.json"": ""a300a739a6e47627d1cd6921fca368004d88a8ac62d6d32c64571c669e4349bb"", ""geography/wyoming_local_roads.geojson"": ""7e3345de206ce8dd2610ad4469175b239ea72f0126dff0c89ada3c5b8b058c75"", ""geography/wyoming_screening_dem.tif"": ""0ea3719bb01c73e6e4ccaf1c21defa609a945ae7342ce58409479f574ba19b96"", ""geography/wyoming_waterbodies.geojson"": ""82c333660ce69714452e999c9ef871adb5bbcf328776cc81ce2dd003482a046f""}, ""taylor_lon_lat"": [-108.1, 42.12], ""wamsutter_junction_lon_lat"": [-107.96562715205644, 41.6744965783547]}",,UNKNOWN,,Reconcile with accepted industrial model; precise surveying/land rights remain separate.,Current case source replaces old unresolved/proposed scope. Taylor is fictional; municipal incorporation is not asserted.,GEO-D018
SH-SITE-0008,Wamsutter fictional interchange,INTERCHANGE_STUDY,SH-ENT-009,"Wamsutter, Wyoming",CITY_OR_DISTRICT,LOCKED_DERIVED_IMPLEMENTATION,ENGINEERED,FICTIONAL_IN_REAL_GEOGRAPHY,SRC-CURRENT-OPS,industrial/source/operations.json,d91a22c35c91b213204411421de88815f27d8e16,/facilities/0,"{""acreage"": 18, ""annual_external_ton_capacity"": 0, ""assigned_fte"": 6, ""car_spots"": 60, ""case_status"": ""SYNTHETIC_OPERATING"", ""condition"": ""serviceable with identified maintenance backlog"", ""environmental_controls"": ""segregated drainage, spillkits, stormwater inspection, protected storage and recorded custody"", ""fact_state"": ""LOCKED_DERIVED_IMPLEMENTATION"", ""footprint_aspect_ratio"": 3, ""footprint_basis"": ""Rectangular site envelope derived from stated acreage and declared aspect ratio; not a cadastral boundary or surveyed property."", ""id"": ""FAC-WAM-INT"", ""lon_lat"": [-107.96562715205644, 41.6744965783547], ""name"": ""Wamsutter interchange"", ""opened"": ""1968-10-14"", ""operating_hours"": ""five-day service; dispatch/oncall exceptions; mine continuous receiving by appointment"", ""owner"": ""Blood, Sweat & Tears Railway Company"", ""pallet_slots"": 0, ""provenance"": ""Synthetic case implementation derived from reconciled handoff and explicit user authority; no external party or surveyed certification claimed"", ""services"": ""Three20car tracks; each accommodates16car roadtrain plus pairedlocomotives; synthetic UP interchange agreement"", ""track_count"": 3}",,UNKNOWN,,Reconcile with accepted industrial model; precise surveying/land rights remain separate.,Current case source replaces old unresolved/proposed scope. Taylor is fictional; municipal incorporation is not asserted.,GEO-D018
SH-SITE-0009,Blackridge Mine,OPEN_PIT_COPPER_GOLD_MINE,SH-ENT-010,Nevada,REGIONAL,CONSTRAINED,CANON_CONSTRAINED,FICTIONAL_IN_REAL_GEOGRAPHY,SRC-9525A89B2336,docs/canon/SABLE_HARBOR_CORPORATE_LORE_CANON_v0.3.md,8d20e51a7cf0068729e3296840ccb5ba1ac1d7bd,line:68,"- Argent Ridge Mining operated Blackridge, a Nevada open-pit copper-and-gold mine.",2015,YEAR_OR_RANGE,,Retain source constraint; exact footprint and valid dates require supported implementation.,"External founding-history mine, not a Sable Harbor owned asset. Exact location unresolved.",GEO-D008
SH-SITE-0010,Forty-Seven Names customer operation,CUSTOMER_MINE,,Nevada,REGIONAL,CONSTRAINED,CANON_CONSTRAINED,FICTIONAL_IN_REAL_GEOGRAPHY,SRC-A6FFA504C779,docs/canon/DECISION_REGISTER.md,8d20e51a7cf0068729e3296840ccb5ba1ac1d7bd,line:27,| FND-003 | Forty-Seven Names | LOCKED | 2016 identity-seam incident at Nevada copper customer |,2016,YEAR_OR_RANGE,,Retain source constraint; exact footprint and valid dates require supported implementation.,Unnamed copper customer. Do not conflate with Blackridge.,GEO-D008
SH-SITE-0011,Reno provisional office,OFFICE_PROPOSAL,SH-ENT-001,"Reno, Nevada",CITY_OR_DISTRICT,PROPOSED,PROPOSED,FICTIONAL_IN_REAL_GEOGRAPHY,SRC-D038D3A87100,docs/canon/SABLE_HARBOR_CANONICAL_ARCHITECTURE_HANDOVER.md,8d20e51a7cf0068729e3296840ccb5ba1ac1d7bd,line:655,"- **Reno, Nevada:** mining technology, engineering, product, customer implementation",,UNKNOWN,,Retain source constraint; exact footprint and valid dates require supported implementation.,"Inherited provisional footprint, never finalized or plotted as a current facility.",GEO-D008
SH-SITE-0012,Elko provisional field office,OFFICE_PROPOSAL,SH-ENT-001,"Elko, Nevada",CITY_OR_DISTRICT,PROPOSED,PROPOSED,FICTIONAL_IN_REAL_GEOGRAPHY,SRC-D038D3A87100,docs/canon/SABLE_HARBOR_CANONICAL_ARCHITECTURE_HANDOVER.md,8d20e51a7cf0068729e3296840ccb5ba1ac1d7bd,line:656,"- **Elko, Nevada:** field operations and proximity to active mining customers",,UNKNOWN,,Retain source constraint; exact footprint and valid dates require supported implementation.,"Inherited provisional footprint, never finalized or plotted as a current facility.",GEO-D008
SH-SITE-0013,Tucson provisional engineering office,OFFICE_PROPOSAL,SH-ENT-001,"Tucson, Arizona",CITY_OR_DISTRICT,PROPOSED,PROPOSED,FICTIONAL_IN_REAL_GEOGRAPHY,SRC-D038D3A87100,docs/canon/SABLE_HARBOR_CANONICAL_ARCHITECTURE_HANDOVER.md,8d20e51a7cf0068729e3296840ccb5ba1ac1d7bd,line:657,"- **Tucson, Arizona:** copper, geology, mine engineering, research talent",,UNKNOWN,,Retain source constraint; exact footprint and valid dates require supported implementation.,"Inherited provisional footprint, never finalized or plotted as a current facility.",GEO-D008
SH-SITE-0014,J2 Education residential campus and conference center,EDUCATION_CAMPUS,SH-ENT-011,,UNLOCATED,OPEN,UNKNOWN,FICTIONAL_IN_REAL_GEOGRAPHY,SRC-A3ABC1DA40B3,docs/j2/EDUCATION.md,8d20e51a7cf0068729e3296840ccb5ba1ac1d7bd,line:6,"Education is a separate J2 arm tightly coupled to Orientation. Its primary mission is enterprise-wide education, while it also serves as the professional schoolhouse for J2 itself. Education is both an institution and a physical place: a serious learning campus and conference center with classrooms, residential capacity, case rooms, mock executive and board environments, and space for convening across Sable Harbor.",,UNKNOWN,,Retain source constraint; exact footprint and valid dates require supported implementation.,Physical institution is canon; geography and relationship to Sacramento headquarters remain open.,GEO-D008
SH-SITE-0015,J2 headquarters physical accommodation,INSTITUTIONAL_WORKPLACE,SH-ENT-011,,UNLOCATED,OPEN,UNKNOWN,FICTIONAL_IN_REAL_GEOGRAPHY,SRC-0DA566D3CF72,docs/j2/J2_HEADQUARTERS.md,8d20e51a7cf0068729e3296840ccb5ba1ac1d7bd,line:6,"J2 Headquarters exists so Contact, Judgment, Orientation, JAG, and Education remain one institution rather than disconnected expert teams. It is deliberately smaller than the operating arms, but it is not skeletal. Its legitimacy comes from stewardship, professional rigor, and unusually high-quality support rather than a large command tower.",,UNKNOWN,,Retain source constraint; exact footprint and valid dates require supported implementation.,Institutional HQ is not evidence of a separate campus or exact location.,GEO-D008
SH-SITE-0016,Alexandria physical hosting,COMPUTE_INFRASTRUCTURE,SH-ENT-011,,UNLOCATED,OPEN,UNKNOWN,FICTIONAL_IN_REAL_GEOGRAPHY,SRC-F57EE60ABBEA,docs/canon/CORPORATE_HEADQUARTERS_CLOSEOUT_2026-09-03.md,8d20e51a7cf0068729e3296840ccb5ba1ac1d7bd,line:352,"- detailed Alexandria runtime stack, raw-source entitlements, retention/deletion, Semaphore precedence, Daedalus runtime/leakage controls, spatial/AR, business/finance portal boundaries — defer until the CCF and technology-control architecture provide the underlying environment;",,UNKNOWN,,Retain source constraint; exact footprint and valid dates require supported implementation.,Physical hosting geography is not established. No invented data center.,GEO-D008
SH-SITE-0017,Foundry/Foundry Field dedicated footprint,BUSINESS_FOOTPRINT,SH-ENT-012,,UNLOCATED,OPEN,UNKNOWN,FICTIONAL_IN_REAL_GEOGRAPHY,SRC-D038D3A87100,docs/canon/SABLE_HARBOR_CANONICAL_ARCHITECTURE_HANDOVER.md,8d20e51a7cf0068729e3296840ccb5ba1ac1d7bd,line:1097,3. office footprint and headcount by location;,,UNKNOWN,,Retain source constraint; exact footprint and valid dates require supported implementation.,No dedicated campus automatically follows from a software/product business.,GEO-D008
SH-SITE-0018,Atlas Meridian dedicated footprint,BUSINESS_FOOTPRINT,SH-ENT-013,,UNLOCATED,OPEN,UNKNOWN,FICTIONAL_IN_REAL_GEOGRAPHY,SRC-A6FFA504C779,docs/canon/DECISION_REGISTER.md,8d20e51a7cf0068729e3296840ccb5ba1ac1d7bd,line:203,"| ID-007 | Quantitative operating model | OPEN | Headcount, revenue, funding, offices, P&Ls, acquisition capital |",,UNKNOWN,,Retain source constraint; exact footprint and valid dates require supported implementation.,Product bridge may use shared space; no dedicated campus established.,GEO-D008
SH-SITE-0019,Advisory project hubs/offices,BUSINESS_FOOTPRINT,SH-ENT-014,,UNLOCATED,OPEN,UNKNOWN,FICTIONAL_IN_REAL_GEOGRAPHY,SRC-BE31B2023403,docs/organization/ARU_BST_AND_ADVISORY.md,8d20e51a7cf0068729e3296840ccb5ba1ac1d7bd,line:52,"    ADVISORY[""EMERGING ADVISORY<br/>operating and analytical teams transfer a method the client can own<br/><b>exact name · leader · P&L · pricing · catalog · home OPEN</b>""]",,UNKNOWN,,Retain source constraint; exact footprint and valid dates require supported implementation.,No named geography established.,GEO-D008
SH-SITE-0020,"ARU terminal, warehouse and trucking estate",ASSET_FAMILY,SH-ENT-008,"Wyoming; Taylor, Wamsutter and Rawlins operating estate",UNLOCATED,LOCKED_DERIVED_IMPLEMENTATION,ENGINEERED,FICTIONAL_IN_REAL_GEOGRAPHY,SRC-CURRENT-OPS,industrial/source/operations.json,d91a22c35c91b213204411421de88815f27d8e16,/facilities,"[{""acreage"": 18, ""annual_external_ton_capacity"": 0, ""assigned_fte"": 6, ""car_spots"": 60, ""case_status"": ""SYNTHETIC_OPERATING"", ""condition"": ""serviceable with identified maintenance backlog"", ""environmental_controls"": ""segregated drainage, spillkits, stormwater inspection, protected storage and recorded custody"", ""fact_state"": ""LOCKED_DERIVED_IMPLEMENTATION"", ""footprint_aspect_ratio"": 3, ""footprint_basis"": ""Rectangular site envelope derived from stated acreage and declared aspect ratio; not a cadastral boundary or surveyed property."", ""id"": ""FAC-WAM-INT"", ""lon_lat"": [-107.96562715205644, 41.6744965783547], ""name"": ""Wamsutter interchange"", ""opened"": ""1968-10-14"", ""operating_hours"": ""five-day service; dispatch/oncall exceptions; mine continuous receiving by appointment"", ""owner"": ""Blood, Sweat & Tears Railway Company"", ""pallet_slots"": 0, ""provenance"": ""Synthetic case implementation derived from reconciled handoff and explicit user authority; no external party or surveyed certification claimed"", ""services"": ""Three20car tracks; each accommodates16car roadtrain plus pairedlocomotives; synthetic UP interchange agreement"", ""track_count"": 3}, {""acreage"": 32, ""annual_external_ton_capacity"": 0, ""assigned_fte"": 46, ""car_spots"": 100, ""case_status"": ""SYNTHETIC_OPERATING"", ""condition"": ""serviceable with identified maintenance backlog"", ""environmental_controls"": ""segregated drainage, spillkits, stormwater inspection, protected storage and recorded custody"", ""fact_state"": ""LOCKED_DERIVED_IMPLEMENTATION"", ""footprint_aspect_ratio"": 3, ""footprint_basis"": ""Rectangular site envelope derived from stated acreage and declared aspect ratio; not a cadastral boundary or surveyed property."", ""id"": ""FAC-TAY-YARD"", ""lon_lat"": [-108.1, 42.12], ""name"": ""Taylor Yard and Shops"", ""opened"": ""1968-10-14"", ""operating_hours"": ""five-day service; dispatch/oncall exceptions; mine continuous receiving by appointment"", ""owner"": ""Blood, Sweat & Tears Railway Company"", ""pallet_slots"": 0, ""provenance"": ""Synthetic case implementation derived from reconciled handoff and explicit user authority; no external party or surveyed certification claimed"", ""services"": ""classification, locomotive shop, fuelpoint, dispatch and crew facilities"", ""track_count"": 7}, {""acreage"": 46, ""annual_external_ton_capacity"": 210000, ""assigned_fte"": 19, ""car_spots"": 50, ""case_status"": ""SYNTHETIC_OPERATING"", ""condition"": ""serviceable with identified maintenance backlog"", ""environmental_controls"": ""segregated drainage, spillkits, stormwater inspection, protected storage and recorded custody"", ""fact_state"": ""LOCKED_DERIVED_IMPLEMENTATION"", ""footprint_aspect_ratio"": 1, ""footprint_basis"": ""Rectangular site envelope derived from stated acreage and declared aspect ratio; not a cadastral boundary or surveyed property."", ""id"": ""FAC-TAY-TERMINAL"", ""lon_lat"": [-108.1075, 42.121], ""name"": ""Taylor Industrial Transload Complex"", ""opened"": ""1972-05-08"", ""operating_hours"": ""Mon–Fri06:00–22:00 plus contracted exception service"", ""owner"": ""American Resource Utility, Inc."", ""pallet_slots"": 0, ""provenance"": ""Synthetic case implementation derived from reconciled handoff and explicit user authority; no external party or surveyed certification claimed"", ""services"": ""existing general transload and Phase1 two10car tracks plus sixcar liquidtrack; acids segregated from general cargo"", ""track_count"": 5}, {""acreage"": 18, ""annual_external_ton_capacity"": 0, ""assigned_fte"": 8, ""car_spots"": 8, ""case_status"": ""SYNTHETIC_OPERATING"", ""condition"": ""serviceable with identified maintenance backlog"", ""environmental_controls"": ""segregated drainage, spillkits, stormwater inspection, protected storage and recorded custody"", ""fact_state"": ""LOCKED_DERIVED_IMPLEMENTATION"", ""footprint_aspect_ratio"": 1, ""footprint_basis"": ""Rectangular site envelope derived from stated acreage and declared aspect ratio; not a cadastral boundary or surveyed property."", ""id"": ""FAC-TAY-WAREHOUSE"", ""lon_lat"": [-108.105, 42.125], ""name"": ""Taylor warehouse"", ""opened"": ""1974-06-03"", ""operating_hours"": ""Mon–Fri06:00–22:00 plus contracted exception service"", ""owner"": ""American Resource Utility, Inc."", ""pallet_slots"": 11000, ""provenance"": ""Synthetic case implementation derived from reconciled handoff and explicit user authority; no external party or surveyed certification claimed"", ""services"": ""210000sf reserved palletcapacity; three handling shifts; rail/truck interface"", ""track_count"": 1}, {""acreage"": 8, ""annual_external_ton_capacity"": 0, ""assigned_fte"": 20, ""car_spots"": 0, ""case_status"": ""SYNTHETIC_OPERATING"", ""condition"": ""serviceable with identified maintenance backlog"", ""environmental_controls"": ""segregated drainage, spillkits, stormwater inspection, protected storage and recorded custody"", ""fact_state"": ""LOCKED_DERIVED_IMPLEMENTATION"", ""footprint_aspect_ratio"": 1, ""footprint_basis"": ""Rectangular site envelope derived from stated acreage and declared aspect ratio; not a cadastral boundary or surveyed property."", ""id"": ""FAC-TAY-TRUCK"", ""lon_lat"": [-108.093, 42.12], ""name"": ""Taylor trucking depot"", ""opened"": ""1989-10-02"", ""operating_hours"": ""Mon–Fri06:00–22:00 plus contracted exception service"", ""owner"": ""American Resource Utility, Inc."", ""pallet_slots"": 0, ""provenance"": ""Synthetic case implementation derived from reconciled handoff and explicit user authority; no external party or surveyed certification claimed"", ""services"": ""tractor/trailer parking, inspection bays and dispatch"", ""track_count"": 0}, {""acreage"": 9, ""annual_external_ton_capacity"": 0, ""assigned_fte"": 3, ""car_spots"": 20, ""case_status"": ""SYNTHETIC_OPERATING"", ""condition"": ""serviceable with identified maintenance backlog"", ""environmental_controls"": ""segregated drainage, spillkits, stormwater inspection, protected storage and recorded custody"", ""fact_state"": ""LOCKED_DERIVED_IMPLEMENTATION"", ""footprint_aspect_ratio"": 3, ""footprint_basis"": ""Rectangular site envelope derived from stated acreage and declared aspect ratio; not a cadastral boundary or surveyed property."", ""id"": ""FAC-EAST-MATERIALS"", ""lon_lat"": [-108.01259365641332, 41.90370776148441], ""name"": ""East Materials team track"", ""opened"": ""1972-05-08"", ""operating_hours"": ""five-day service; dispatch/oncall exceptions; mine continuous receiving by appointment"", ""owner"": ""Blood, Sweat & Tears Railway Company"", ""pallet_slots"": 0, ""provenance"": ""Synthetic case implementation derived from reconciled handoff and explicit user authority; no external party or surveyed certification claimed"", ""services"": ""pipe, scrap, aggregates; customer sidings operate by appointment"", ""track_count"": 2}, {""acreage"": 11, ""annual_external_ton_capacity"": 0, ""assigned_fte"": 3, ""car_spots"": 18, ""case_status"": ""SYNTHETIC_OPERATING"", ""condition"": ""serviceable with identified maintenance backlog"", ""environmental_controls"": ""segregated drainage, spillkits, stormwater inspection, protected storage and recorded custody"", ""fact_state"": ""LOCKED_DERIVED_IMPLEMENTATION"", ""footprint_aspect_ratio"": 3, ""footprint_basis"": ""Rectangular site envelope derived from stated acreage and declared aspect ratio; not a cadastral boundary or surveyed property."", ""id"": ""FAC-MINERAL-TEAM"", ""lon_lat"": [-108.07098660485325, 42.03495699312325], ""name"": ""Mineral Transfer team track"", ""opened"": ""1986-09-19"", ""operating_hours"": ""five-day service; dispatch/oncall exceptions; mine continuous receiving by appointment"", ""owner"": ""Blood, Sweat & Tears Railway Company"", ""pallet_slots"": 0, ""provenance"": ""Synthetic case implementation derived from reconciled handoff and explicit user authority; no external party or surveyed certification claimed"", ""services"": ""inbound and outbound minerals transfer; sodaash is customer throughput, not a claim of a local trona mine"", ""track_count"": 2}, {""acreage"": 22, ""annual_external_ton_capacity"": 90000, ""assigned_fte"": 8, ""car_spots"": 0, ""case_status"": ""SYNTHETIC_OPERATING"", ""condition"": ""serviceable with identified maintenance backlog"", ""environmental_controls"": ""segregated drainage, spillkits, stormwater inspection, protected storage and recorded custody"", ""fact_state"": ""LOCKED_DERIVED_IMPLEMENTATION"", ""footprint_aspect_ratio"": 1, ""footprint_basis"": ""Rectangular site envelope derived from stated acreage and declared aspect ratio; not a cadastral boundary or surveyed property."", ""id"": ""FAC-RAW-TERMINAL"", ""lon_lat"": [-107.233, 41.786], ""name"": ""Rawlins satellite terminal"", ""opened"": ""1978-09-12"", ""operating_hours"": ""Mon–Fri06:00–22:00 plus contracted exception service"", ""owner"": ""American Resource Utility, Inc."", ""pallet_slots"": 0, ""provenance"": ""Synthetic case implementation derived from reconciled handoff and explicit user authority; no external party or surveyed certification claimed"", ""services"": ""off-BS&T truck-served terminal; external railcar material arrives through qualified third-party transload"", ""track_count"": 0}, {""acreage"": 7, ""annual_external_ton_capacity"": 0, ""assigned_fte"": 4, ""car_spots"": 0, ""case_status"": ""SYNTHETIC_OPERATING"", ""condition"": ""serviceable with identified maintenance backlog"", ""environmental_controls"": ""segregated drainage, spillkits, stormwater inspection, protected storage and recorded custody"", ""fact_state"": ""LOCKED_DERIVED_IMPLEMENTATION"", ""footprint_aspect_ratio"": 1, ""footprint_basis"": ""Rectangular site envelope derived from stated acreage and declared aspect ratio; not a cadastral boundary or surveyed property."", ""id"": ""FAC-RAW-WAREHOUSE"", ""lon_lat"": [-107.228, 41.789], ""name"": ""Rawlins warehouse"", ""opened"": ""1980-04-07"", ""operating_hours"": ""Mon–Fri06:00–22:00 plus contracted exception service"", ""owner"": ""American Resource Utility, Inc."", ""pallet_slots"": 4000, ""provenance"": ""Synthetic case implementation derived from reconciled handoff and explicit user authority; no external party or surveyed certification claimed"", ""services"": ""75000sf satellite contract storage and orderpick"", ""track_count"": 0}, {""acreage"": 4, ""annual_external_ton_capacity"": 0, ""assigned_fte"": 4, ""car_spots"": 0, ""case_status"": ""SYNTHETIC_OPERATING"", ""condition"": ""serviceable with identified maintenance backlog"", ""environmental_controls"": ""segregated drainage, spillkits, stormwater inspection, protected storage and recorded custody"", ""fact_state"": ""LOCKED_DERIVED_IMPLEMENTATION"", ""footprint_aspect_ratio"": 1, ""footprint_basis"": ""Rectangular site envelope derived from stated acreage and declared aspect ratio; not a cadastral boundary or surveyed property."", ""id"": ""FAC-RAW-TRUCK"", ""lon_lat"": [-107.234, 41.782], ""name"": ""Rawlins trucking satellite"", ""opened"": ""1989-10-02"", ""operating_hours"": ""Mon–Fri06:00–22:00 plus contracted exception service"", ""owner"": ""American Resource Utility, Inc."", ""pallet_slots"": 0, ""provenance"": ""Synthetic case implementation derived from reconciled handoff and explicit user authority; no external party or surveyed certification claimed"", ""services"": ""external heavyhaul staging"", ""track_count"": 0}, {""acreage"": 2, ""annual_external_ton_capacity"": 0, ""assigned_fte"": 10, ""car_spots"": 0, ""case_status"": ""SYNTHETIC_OPERATING"", ""condition"": ""serviceable with identified maintenance backlog"", ""environmental_controls"": ""segregated drainage, spillkits, stormwater inspection, protected storage and recorded custody"", ""fact_state"": ""LOCKED_DERIVED_IMPLEMENTATION"", ""footprint_aspect_ratio"": 1, ""footprint_basis"": ""Rectangular site envelope derived from stated acreage and declared aspect ratio; not a cadastral boundary or surveyed property."", ""id"": ""FAC-ARU-OFFICE"", ""lon_lat"": [-108.0975, 42.124], ""name"": ""Taylor ARU office"", ""opened"": ""1991-01-02"", ""operating_hours"": ""Mon–Fri06:00–22:00 plus contracted exception service"", ""owner"": ""American Resource Utility, Inc."", ""pallet_slots"": 0, ""provenance"": ""Synthetic case implementation derived from reconciled handoff and explicit user authority; no external party or surveyed certification claimed"", ""services"": ""corporate shared services and customerdesk"", ""track_count"": 0}, {""acreage"": 14, ""annual_external_ton_capacity"": 0, ""assigned_fte"": 6, ""car_spots"": 0, ""case_status"": ""SYNTHETIC_IN_SERVICE_2026_07_07"", ""condition"": ""serviceable with identified maintenance backlog"", ""environmental_controls"": ""segregated drainage, spillkits, stormwater inspection, protected storage and recorded custody"", ""fact_state"": ""LOCKED_DERIVED_IMPLEMENTATION"", ""footprint_aspect_ratio"": 1, ""footprint_basis"": ""Rectangular site envelope derived from stated acreage and declared aspect ratio; not a cadastral boundary or surveyed property."", ""id"": ""FAC-RW-RECEIVING"", ""lon_lat"": [-108.18, 42.22], ""name"": ""Red Wash receiving and reagent storage"", ""opened"": ""2026-07-07"", ""operating_hours"": ""five-day service; dispatch/oncall exceptions; mine continuous receiving by appointment"", ""owner"": ""Red Wash Mining, LLC"", ""pallet_slots"": 0, ""provenance"": ""Synthetic case implementation derived from reconciled handoff and explicit user authority; no external party or surveyed certification claimed"", ""services"": ""truck only; receiving, acid/binderstorage, scales, MRO and steel; workers are within128siteFTE"", ""track_count"": 0}]",,UNKNOWN,,Reconcile with accepted industrial model; precise surveying/land rights remain separate.,Current case source replaces old unresolved/proposed scope. Taylor is fictional; municipal incorporation is not asserted.,GEO-D018
SH-SITE-0021,ARU external customer delivery interfaces,CUSTOMER_ASSET_FAMILY,,"Wyoming; Taylor, Wamsutter and Rawlins operating estate",UNLOCATED,LOCKED_DERIVED_IMPLEMENTATION,ENGINEERED,FICTIONAL_IN_REAL_GEOGRAPHY,SRC-CURRENT-OPS,industrial/source/operations.json,d91a22c35c91b213204411421de88815f27d8e16,/contract_facility_assignments,"[{""annual_units_2025"": 2200, ""contract_id"": ""BST-2025-001"", ""customer_id"": ""ARU-C-001"", ""facility_id"": ""FAC-MINERAL-TEAM"", ""fact_state"": ""LOCKED_DERIVED_IMPLEMENTATION"", ""id"": ""ALLOC-BST-2025-001-FAC-MINERAL-TEAM"", ""provenance"": ""Synthetic physical allocation derived from finance contract units and registered facility capacities; no real customer or land right asserted."", ""route_id"": ""BST-MINERAL"", ""segment"": ""BST"", ""unit"": ""loaded_revenue_car""}, {""annual_units_2025"": 950, ""contract_id"": ""BST-2025-006"", ""customer_id"": ""ARU-C-006"", ""facility_id"": ""FAC-MINERAL-TEAM"", ""fact_state"": ""LOCKED_DERIVED_IMPLEMENTATION"", ""id"": ""ALLOC-BST-2025-006-FAC-MINERAL-TEAM"", ""provenance"": ""Synthetic physical allocation derived from finance contract units and registered facility capacities; no real customer or land right asserted."", ""route_id"": ""BST-MINERAL"", ""segment"": ""BST"", ""unit"": ""loaded_revenue_car""}, {""annual_units_2025"": 1150, ""contract_id"": ""BST-2025-002"", ""customer_id"": ""ARU-C-002"", ""facility_id"": ""FAC-TAY-TERMINAL"", ""fact_state"": ""LOCKED_DERIVED_IMPLEMENTATION"", ""id"": ""ALLOC-BST-2025-002-FAC-TAY-TERMINAL"", ""provenance"": ""Synthetic physical allocation derived from finance contract units and registered facility capacities; no real customer or land right asserted."", ""route_id"": ""BST-MAIN"", ""segment"": ""BST"", ""unit"": ""loaded_revenue_car""}, {""annual_units_2025"": 500, ""contract_id"": ""BST-2025-007"", ""customer_id"": ""ARU-C-007"", ""facility_id"": ""FAC-TAY-TERMINAL"", ""fact_state"": ""LOCKED_DERIVED_IMPLEMENTATION"", ""id"": ""ALLOC-BST-2025-007-FAC-TAY-TERMINAL"", ""provenance"": ""Synthetic physical allocation derived from finance contract units and registered facility capacities; no real customer or land right asserted."", ""route_id"": ""BST-MAIN"", ""segment"": ""BST"", ""unit"": ""loaded_revenue_car""}, {""annual_units_2025"": 900, ""contract_id"": ""BST-2025-004"", ""customer_id"": ""ARU-C-004"", ""facility_id"": ""FAC-EAST-MATERIALS"", ""fact_state"": ""LOCKED_DERIVED_IMPLEMENTATION"", ""id"": ""ALLOC-BST-2025-004-FAC-EAST-MATERIALS"", ""provenance"": ""Synthetic physical allocation derived from finance contract units and registered facility capacities; no real customer or land right asserted."", ""route_id"": ""BST-EAST"", ""segment"": ""BST"", ""unit"": ""loaded_revenue_car""}, {""annual_units_2025"": 450, ""contract_id"": ""BST-2025-008"", ""customer_id"": ""ARU-C-008"", ""facility_id"": ""FAC-EAST-MATERIALS"", ""fact_state"": ""LOCKED_DERIVED_IMPLEMENTATION"", ""id"": ""ALLOC-BST-2025-008-FAC-EAST-MATERIALS"", ""provenance"": ""Synthetic physical allocation derived from finance contract units and registered facility capacities; no real customer or land right asserted."", ""route_id"": ""BST-EAST"", ""segment"": ""BST"", ""unit"": ""loaded_revenue_car""}, {""annual_units_2025"": 700, ""contract_id"": ""BST-2025-003"", ""customer_id"": ""ARU-C-003"", ""facility_id"": ""FAC-TAY-TERMINAL"", ""fact_state"": ""LOCKED_DERIVED_IMPLEMENTATION"", ""id"": ""ALLOC-BST-2025-003-FAC-TAY-TERMINAL"", ""provenance"": ""Synthetic physical allocation derived from finance contract units and registered facility capacities; no real customer or land right asserted."", ""route_id"": ""BST-MAIN"", ""segment"": ""BST"", ""unit"": ""loaded_revenue_car""}, {""annual_units_2025"": 350, ""contract_id"": ""BST-2025-009"", ""customer_id"": ""ARU-C-009"", ""facility_id"": ""FAC-TAY-TERMINAL"", ""fact_state"": ""LOCKED_DERIVED_IMPLEMENTATION"", ""id"": ""ALLOC-BST-2025-009-FAC-TAY-TERMINAL"", ""provenance"": ""Synthetic physical allocation derived from finance contract units and registered facility capacities; no real customer or land right asserted."", ""route_id"": ""BST-MAIN"", ""segment"": ""BST"", ""unit"": ""loaded_revenue_car""}, {""annual_units_2025"": 500, ""contract_id"": ""BST-2025-010"", ""customer_id"": ""ARU-C-010"", ""facility_id"": ""FAC-TAY-TERMINAL"", ""fact_state"": ""LOCKED_DERIVED_IMPLEMENTATION"", ""id"": ""ALLOC-BST-2025-010-FAC-TAY-TERMINAL"", ""provenance"": ""Synthetic physical allocation derived from finance contract units and registered facility capacities; no real customer or land right asserted."", ""route_id"": ""BST-MAIN"", ""segment"": ""BST"", ""unit"": ""loaded_revenue_car""}, {""annual_units_2025"": 250, ""contract_id"": ""BST-2025-011"", ""customer_id"": ""ARU-C-011"", ""facility_id"": ""FAC-TAY-TERMINAL"", ""fact_state"": ""LOCKED_DERIVED_IMPLEMENTATION"", ""id"": ""ALLOC-BST-2025-011-FAC-TAY-TERMINAL"", ""provenance"": ""Synthetic physical allocation derived from finance contract units and registered facility capacities; no real customer or land right asserted."", ""route_id"": ""BST-MAIN"", ""segment"": ""BST"", ""unit"": ""loaded_revenue_car""}, {""annual_units_2025"": 650, ""contract_id"": ""BST-2025-012"", ""customer_id"": ""ARU-C-012"", ""facility_id"": ""FAC-TAY-TERMINAL"", ""fact_state"": ""LOCKED_DERIVED_IMPLEMENTATION"", ""id"": ""ALLOC-BST-2025-012-FAC-TAY-TERMINAL"", ""provenance"": ""Synthetic physical allocation derived from finance contract units and registered facility capacities; no real customer or land right asserted."", ""route_id"": ""BST-MAIN"", ""segment"": ""BST"", ""unit"": ""loaded_revenue_car""}, {""annual_units_2025"": 400, ""contract_id"": ""BST-2025-013"", ""customer_id"": ""ARU-C-013"", ""facility_id"": ""FAC-TAY-TERMINAL"", ""fact_state"": ""LOCKED_DERIVED_IMPLEMENTATION"", ""id"": ""ALLOC-BST-2025-013-FAC-TAY-TERMINAL"", ""provenance"": ""Synthetic physical allocation derived from finance contract units and registered facility capacities; no real customer or land right asserted."", ""route_id"": ""BST-MAIN"", ""segment"": ""BST"", ""unit"": ""loaded_revenue_car""}, {""annual_units_2025"": 26900, ""contract_id"": ""TRM-2025-001"", ""customer_id"": ""ARU-C-001"", ""facility_id"": ""FAC-TAY-TERMINAL"", ""fact_state"": ""LOCKED_DERIVED_IMPLEMENTATION"", ""id"": ""ALLOC-TRM-2025-001-FAC-TAY-TERMINAL"", ""provenance"": ""Synthetic physical allocation derived from finance contract units and registered facility capacities; no real customer or land right asserted."", ""route_id"": null, ""segment"": ""TERMINALS"", ""unit"": ""handled_short_ton""}, {""annual_units_2025"": 26150, ""contract_id"": ""TRM-2025-002"", ""customer_id"": ""ARU-C-002"", ""facility_id"": ""FAC-TAY-TERMINAL"", ""fact_state"": ""LOCKED_DERIVED_IMPLEMENTATION"", ""id"": ""ALLOC-TRM-2025-002-FAC-TAY-TERMINAL"", ""provenance"": ""Synthetic physical allocation derived from finance contract units and registered facility capacities; no real customer or land right asserted."", ""route_id"": null, ""segment"": ""TERMINALS"", ""unit"": ""handled_short_ton""}, {""annual_units_2025"": 36050, ""contract_id"": ""TRM-2025-003"", ""customer_id"": ""ARU-C-003"", ""facility_id"": ""FAC-TAY-TERMINAL"", ""fact_state"": ""LOCKED_DERIVED_IMPLEMENTATION"", ""id"": ""ALLOC-TRM-2025-003-FAC-TAY-TERMINAL"", ""provenance"": ""Synthetic physical allocation derived from finance contract units and registered facility capacities; no real customer or land right asserted."", ""route_id"": null, ""segment"": ""TERMINALS"", ""unit"": ""handled_short_ton""}, {""annual_units_2025"": 30000, ""contract_id"": ""TRM-2025-014"", ""customer_id"": ""ARU-C-014"", ""facility_id"": ""FAC-TAY-TERMINAL"", ""fact_state"": ""LOCKED_DERIVED_IMPLEMENTATION"", ""id"": ""ALLOC-TRM-2025-014-FAC-TAY-TERMINAL"", ""provenance"": ""Synthetic physical allocation derived from finance contract units and registered facility capacities; no real customer or land right asserted."", ""route_id"": null, ""segment"": ""TERMINALS"", ""unit"": ""handled_short_ton""}, {""annual_units_2025"": 35500, ""contract_id"": ""TRM-2025-015"", ""customer_id"": ""ARU-C-015"", ""facility_id"": ""FAC-TAY-TERMINAL"", ""fact_state"": ""LOCKED_DERIVED_IMPLEMENTATION"", ""id"": ""ALLOC-TRM-2025-015-FAC-TAY-TERMINAL"", ""provenance"": ""Synthetic physical allocation derived from finance contract units and registered facility capacities; no real customer or land right asserted."", ""route_id"": null, ""segment"": ""TERMINALS"", ""unit"": ""handled_short_ton""}, {""annual_units_2025"": 34400, ""contract_id"": ""TRM-2025-016"", ""customer_id"": ""ARU-C-016"", ""facility_id"": ""FAC-TAY-TERMINAL"", ""fact_state"": ""LOCKED_DERIVED_IMPLEMENTATION"", ""id"": ""ALLOC-TRM-2025-016-FAC-TAY-TERMINAL"", ""provenance"": ""Synthetic physical allocation derived from finance contract units and registered facility capacities; no real customer or land right asserted."", ""route_id"": null, ""segment"": ""TERMINALS"", ""unit"": ""handled_short_ton""}, {""annual_units_2025"": 33000, ""contract_id"": ""TRM-2025-017"", ""customer_id"": ""ARU-C-017"", ""facility_id"": ""FAC-RAW-TERMINAL"", ""fact_state"": ""LOCKED_DERIVED_IMPLEMENTATION"", ""id"": ""ALLOC-TRM-2025-017-FAC-RAW-TERMINAL"", ""provenance"": ""Synthetic physical allocation derived from finance contract units and registered facility capacities; no real customer or land right asserted."", ""route_id"": null, ""segment"": ""TERMINALS"", ""unit"": ""handled_short_ton""}, {""annual_units_2025"": 32000, ""contract_id"": ""TRM-2025-018"", ""customer_id"": ""ARU-C-018"", ""facility_id"": ""FAC-RAW-TERMINAL"", ""fact_state"": ""LOCKED_DERIVED_IMPLEMENTATION"", ""id"": ""ALLOC-TRM-2025-018-FAC-RAW-TERMINAL"", ""provenance"": ""Synthetic physical allocation derived from finance contract units and registered facility capacities; no real customer or land right asserted."", ""route_id"": null, ""segment"": ""TERMINALS"", ""unit"": ""handled_short_ton""}, {""annual_units_2025"": 2870, ""contract_id"": ""TRK-2025-004"", ""customer_id"": ""ARU-C-004"", ""facility_id"": ""FAC-TAY-TRUCK"", ""fact_state"": ""LOCKED_DERIVED_IMPLEMENTATION"", ""id"": ""ALLOC-TRK-2025-004-FAC-TAY-TRUCK"", ""provenance"": ""Synthetic physical allocation derived from finance contract units and registered facility capacities; no real customer or land right asserted."", ""route_id"": null, ""segment"": ""TRUCKING"", ""unit"": ""billable_truck_dispatch""}, {""annual_units_2025"": 3250, ""contract_id"": ""TRK-2025-019"", ""customer_id"": ""ARU-C-019"", ""facility_id"": ""FAC-TAY-TRUCK"", ""fact_state"": ""LOCKED_DERIVED_IMPLEMENTATION"", ""id"": ""ALLOC-TRK-2025-019-FAC-TAY-TRUCK"", ""provenance"": ""Synthetic physical allocation derived from finance contract units and registered facility capacities; no real customer or land right asserted."", ""route_id"": null, ""segment"": ""TRUCKING"", ""unit"": ""billable_truck_dispatch""}, {""annual_units_2025"": 3120, ""contract_id"": ""TRK-2025-020"", ""customer_id"": ""ARU-C-020"", ""facility_id"": ""FAC-TAY-TRUCK"", ""fact_state"": ""LOCKED_DERIVED_IMPLEMENTATION"", ""id"": ""ALLOC-TRK-2025-020-FAC-TAY-TRUCK"", ""provenance"": ""Synthetic physical allocation derived from finance contract units and registered facility capacities; no real customer or land right asserted."", ""route_id"": null, ""segment"": ""TRUCKING"", ""unit"": ""billable_truck_dispatch""}, {""annual_units_2025"": 2960, ""contract_id"": ""TRK-2025-021"", ""customer_id"": ""ARU-C-021"", ""facility_id"": ""FAC-TAY-TRUCK"", ""fact_state"": ""LOCKED_DERIVED_IMPLEMENTATION"", ""id"": ""ALLOC-TRK-2025-021-FAC-TAY-TRUCK"", ""provenance"": ""Synthetic physical allocation derived from finance contract units and registered facility capacities; no real customer or land right asserted."", ""route_id"": null, ""segment"": ""TRUCKING"", ""unit"": ""billable_truck_dispatch""}, {""annual_units_2025"": 1300, ""contract_id"": ""TRK-2025-022"", ""customer_id"": ""ARU-C-022"", ""facility_id"": ""FAC-TAY-TRUCK"", ""fact_state"": ""LOCKED_DERIVED_IMPLEMENTATION"", ""id"": ""ALLOC-TRK-2025-022-FAC-TAY-TRUCK"", ""provenance"": ""Synthetic physical allocation derived from finance contract units and registered facility capacities; no real customer or land right asserted."", ""route_id"": null, ""segment"": ""TRUCKING"", ""unit"": ""billable_truck_dispatch""}, {""annual_units_2025"": 1500, ""contract_id"": ""TRK-2025-022"", ""customer_id"": ""ARU-C-022"", ""facility_id"": ""FAC-RAW-TRUCK"", ""fact_state"": ""LOCKED_DERIVED_IMPLEMENTATION"", ""id"": ""ALLOC-TRK-2025-022-FAC-RAW-TRUCK"", ""provenance"": ""Synthetic physical allocation derived from finance contract units and registered facility capacities; no real customer or land right asserted."", ""route_id"": null, ""segment"": ""TRUCKING"", ""unit"": ""billable_truck_dispatch""}, {""annual_units_2025"": 54000, ""contract_id"": ""WHS-2025-005"", ""customer_id"": ""ARU-C-005"", ""facility_id"": ""FAC-TAY-WAREHOUSE"", ""fact_state"": ""LOCKED_DERIVED_IMPLEMENTATION"", ""id"": ""ALLOC-WHS-2025-005-FAC-TAY-WAREHOUSE"", ""provenance"": ""Synthetic physical allocation derived from finance contract units and registered facility capacities; no real customer or land right asserted."", ""route_id"": null, ""segment"": ""WAREHOUSE"", ""unit"": ""reserved_pallet_month""}, {""annual_units_2025"": 30000, ""contract_id"": ""WHS-2025-023"", ""customer_id"": ""ARU-C-023"", ""facility_id"": ""FAC-TAY-WAREHOUSE"", ""fact_state"": ""LOCKED_DERIVED_IMPLEMENTATION"", ""id"": ""ALLOC-WHS-2025-023-FAC-TAY-WAREHOUSE"", ""provenance"": ""Synthetic physical allocation derived from finance contract units and registered facility capacities; no real customer or land right asserted."", ""route_id"": null, ""segment"": ""WAREHOUSE"", ""unit"": ""reserved_pallet_month""}, {""annual_units_2025"": 30000, ""contract_id"": ""WHS-2025-024"", ""customer_id"": ""ARU-C-024"", ""facility_id"": ""FAC-TAY-WAREHOUSE"", ""fact_state"": ""LOCKED_DERIVED_IMPLEMENTATION"", ""id"": ""ALLOC-WHS-2025-024-FAC-TAY-WAREHOUSE"", ""provenance"": ""Synthetic physical allocation derived from finance contract units and registered facility capacities; no real customer or land right asserted."", ""route_id"": null, ""segment"": ""WAREHOUSE"", ""unit"": ""reserved_pallet_month""}, {""annual_units_2025"": 27000, ""contract_id"": ""WHS-2025-025"", ""customer_id"": ""ARU-C-025"", ""facility_id"": ""FAC-RAW-WAREHOUSE"", ""fact_state"": ""LOCKED_DERIVED_IMPLEMENTATION"", ""id"": ""ALLOC-WHS-2025-025-FAC-RAW-WAREHOUSE"", ""provenance"": ""Synthetic physical allocation derived from finance contract units and registered facility capacities; no real customer or land right asserted."", ""route_id"": null, ""segment"": ""WAREHOUSE"", ""unit"": ""reserved_pallet_month""}]",,UNKNOWN,,Reconcile with accepted industrial model; precise surveying/land rights remain separate.,Current case source replaces old unresolved/proposed scope. Taylor is fictional; municipal incorporation is not asserted.,GEO-D018
SH-SITE-0022,Wallaby residue/tailings opportunity,RECOVERY_TARGET,SH-ENT-005,,UNLOCATED,OPEN,UNKNOWN,FICTIONAL_IN_REAL_GEOGRAPHY,SRC-9525A89B2336,docs/canon/SABLE_HARBOR_CORPORATE_LORE_CANON_v0.3.md,8d20e51a7cf0068729e3296840ccb5ba1ac1d7bd,line:1337,Ned Kelly identifies an old tailings or process-residue complex with favorable tonnage and apparent signatures. Cradle spends real money investigating it. Initial samples are mediocre.,2024–2025,YEAR_OR_RANGE,,Retain source constraint; exact footprint and valid dates require supported implementation.,"Failed Cradle opportunity. No geographic point, host title or site ownership established.",GEO-D008
SH-SITE-0023,Kelly Gang Mining / Stream 17 host operation,HOST_PROCESS_SITE,SH-ENT-KGM,"Tasmania, Australia",REGIONAL,CONSTRAINED,CANON_CONSTRAINED,FICTIONAL_IN_REAL_GEOGRAPHY,SRC-CURRENT-CRADLE,docs/canon/CRADLE_CLOSEOUT_2026-09-06.md,d91a22c35c91b213204411421de88815f27d8e16,line:49,Kelly Gang Mining is a fictional Tasmanian industrial-minerals / heavy-mineral operator.,2025,YEAR_OR_RANGE,,Locate fictional host site within Tasmania; identity/material/commercial boundary are settled.,"External host retains plant authority; Cradle owns its recovery equipment and defined stream recovery rights, not host property.",GEO-D016
SH-SITE-0024,Glasshouse underground trial site,EXPERIMENT_SITE,,,UNLOCATED,OPEN,UNKNOWN,FICTIONAL_IN_REAL_GEOGRAPHY,SRC-A6FFA504C779,docs/canon/DECISION_REGISTER.md,8d20e51a7cf0068729e3296840ccb5ba1ac1d7bd,line:101,| WIL-015 | Glasshouse | LOCKED | Underground machine-vision failure; “the mine gets a vote” |,,UNKNOWN,,Retain source constraint; exact footprint and valid dates require supported implementation.,Unknown host mine; no automatic link to Red Wash.,GEO-D008
SH-SITE-0025,Licensed conversion-facility delivery point,EXTERNAL_DELIVERY_SITE,,,UNLOCATED,OPEN,UNKNOWN,FICTIONAL_IN_REAL_GEOGRAPHY,SRC-748B20676052,docs/canon/RED_WASH_TRANSACTION_OPERATING_RECORD_2026-09-05.md,8d20e51a7cf0068729e3296840ccb5ba1ac1d7bd,line:166,receipt and assay at the modeled licensed conversion-facility delivery point. A,,UNKNOWN,,Retain source constraint; exact footprint and valid dates require supported implementation.,No named real converter is substituted. Qualified external carrier model preserved.,GEO-D008
SH-SITE-0026,Former headquarters / early offices,HISTORICAL_ASSET_FAMILY,SH-ENT-001,,UNLOCATED,OPEN,UNKNOWN,FICTIONAL_IN_REAL_GEOGRAPHY,SRC-40E5C203B8CD,geospatial/sources/MASTER_EXECUTION_MANDATE.md,,line:2572,- historical headquarters;,,UNKNOWN,,Retain source constraint; exact footprint and valid dates require supported implementation.,No predecessor building or opening date established in census.,GEO-D008
SH-FAC-RW-001,Red Wash Mine Portal (Decline),SOURCE_IMAGE_FACILITY,SH-ENT-007,"Red Wash site, Wyoming",UNLOCATED_WITHIN_SITE,OPEN,UNKNOWN,FICTIONAL_IN_REAL_GEOGRAPHY,SRC-7B82D38FA142,assets/brand/maps/red_wash__site_overview.png,8d20e51a7cf0068729e3296840ccb5ba1ac1d7bd,site key / visible label: Mine Portal (Decline),Mine Portal (Decline),,UNKNOWN,,Implement detailed site geometry at the locked Sweetwater anchor; the location decision is resolved.,"Label observed directly in approved source image. No pixel georeferencing, geographic position or rail custody inferred. Original imagery is conceptual and superseded for county, coordinates and rail access.",GEO-D008
SH-FAC-RW-002,Red Wash Surface Operations,SOURCE_IMAGE_FACILITY,SH-ENT-007,"Red Wash site, Wyoming",UNLOCATED_WITHIN_SITE,OPEN,UNKNOWN,FICTIONAL_IN_REAL_GEOGRAPHY,SRC-7B82D38FA142,assets/brand/maps/red_wash__site_overview.png,8d20e51a7cf0068729e3296840ccb5ba1ac1d7bd,site key / visible label: Surface Operations,Surface Operations,,UNKNOWN,,Implement detailed site geometry at the locked Sweetwater anchor; the location decision is resolved.,"Label observed directly in approved source image. No pixel georeferencing, geographic position or rail custody inferred. Original imagery is conceptual and superseded for county, coordinates and rail access.",GEO-D008
SH-FAC-RW-003,Red Wash Ventilation Raise (Exhaust),SOURCE_IMAGE_FACILITY,SH-ENT-007,"Red Wash site, Wyoming",UNLOCATED_WITHIN_SITE,OPEN,UNKNOWN,FICTIONAL_IN_REAL_GEOGRAPHY,SRC-7B82D38FA142,assets/brand/maps/red_wash__site_overview.png,8d20e51a7cf0068729e3296840ccb5ba1ac1d7bd,site key / visible label: Ventilation Raise (Exhaust),Ventilation Raise (Exhaust),,UNKNOWN,,Implement detailed site geometry at the locked Sweetwater anchor; the location decision is resolved.,"Label observed directly in approved source image. No pixel georeferencing, geographic position or rail custody inferred. Original imagery is conceptual and superseded for county, coordinates and rail access.",GEO-D008
SH-FAC-RW-004,Red Wash Fresh Air Intake,SOURCE_IMAGE_FACILITY,SH-ENT-007,"Red Wash site, Wyoming",UNLOCATED_WITHIN_SITE,OPEN,UNKNOWN,FICTIONAL_IN_REAL_GEOGRAPHY,SRC-7B82D38FA142,assets/brand/maps/red_wash__site_overview.png,8d20e51a7cf0068729e3296840ccb5ba1ac1d7bd,site key / visible label: Fresh Air Intake,Fresh Air Intake,,UNKNOWN,,Implement detailed site geometry at the locked Sweetwater anchor; the location decision is resolved.,"Label observed directly in approved source image. No pixel georeferencing, geographic position or rail custody inferred. Original imagery is conceptual and superseded for county, coordinates and rail access.",GEO-D008
SH-FAC-RW-005,Red Wash Processing Plant,SOURCE_IMAGE_FACILITY,SH-ENT-007,"Red Wash site, Wyoming",UNLOCATED_WITHIN_SITE,OPEN,UNKNOWN,FICTIONAL_IN_REAL_GEOGRAPHY,SRC-7B82D38FA142,assets/brand/maps/red_wash__site_overview.png,8d20e51a7cf0068729e3296840ccb5ba1ac1d7bd,site key / visible label: Processing Plant,Processing Plant,,UNKNOWN,,Implement detailed site geometry at the locked Sweetwater anchor; the location decision is resolved.,"Label observed directly in approved source image. No pixel georeferencing, geographic position or rail custody inferred. Original imagery is conceptual and superseded for county, coordinates and rail access.",GEO-D008
SH-FAC-RW-006,Red Wash Loadout (Rail/Truck),SOURCE_IMAGE_FACILITY,SH-ENT-007,"Red Wash site, Wyoming",UNLOCATED_WITHIN_SITE,OPEN,UNKNOWN,FICTIONAL_IN_REAL_GEOGRAPHY,SRC-7B82D38FA142,assets/brand/maps/red_wash__site_overview.png,8d20e51a7cf0068729e3296840ccb5ba1ac1d7bd,site key / visible label: Loadout (Rail/Truck),Loadout (Rail/Truck),,UNKNOWN,,Implement detailed site geometry at the locked Sweetwater anchor; the location decision is resolved.,"Label observed directly in approved source image. No pixel georeferencing, geographic position or rail custody inferred. Original imagery is conceptual and superseded for county, coordinates and rail access.",GEO-D008
SH-FAC-RW-007,Red Wash Tailings Management Facility,SOURCE_IMAGE_FACILITY,SH-ENT-007,"Red Wash site, Wyoming",UNLOCATED_WITHIN_SITE,OPEN,UNKNOWN,FICTIONAL_IN_REAL_GEOGRAPHY,SRC-7B82D38FA142,assets/brand/maps/red_wash__site_overview.png,8d20e51a7cf0068729e3296840ccb5ba1ac1d7bd,site key / visible label: Tailings Management Facility,Tailings Management Facility,,UNKNOWN,,Implement detailed site geometry at the locked Sweetwater anchor; the location decision is resolved.,"Label observed directly in approved source image. No pixel georeferencing, geographic position or rail custody inferred. Original imagery is conceptual and superseded for county, coordinates and rail access.",GEO-D008
SH-FAC-RW-008,Red Wash Administration / Dry,SOURCE_IMAGE_FACILITY,SH-ENT-007,"Red Wash site, Wyoming",UNLOCATED_WITHIN_SITE,OPEN,UNKNOWN,FICTIONAL_IN_REAL_GEOGRAPHY,SRC-7B82D38FA142,assets/brand/maps/red_wash__site_overview.png,8d20e51a7cf0068729e3296840ccb5ba1ac1d7bd,site key / visible label: Administration / Dry,Administration / Dry,,UNKNOWN,,Implement detailed site geometry at the locked Sweetwater anchor; the location decision is resolved.,"Label observed directly in approved source image. No pixel georeferencing, geographic position or rail custody inferred. Original imagery is conceptual and superseded for county, coordinates and rail access.",GEO-D008
SH-FAC-RW-009,Red Wash Power Substation,SOURCE_IMAGE_FACILITY,SH-ENT-007,"Red Wash site, Wyoming",UNLOCATED_WITHIN_SITE,OPEN,UNKNOWN,FICTIONAL_IN_REAL_GEOGRAPHY,SRC-7B82D38FA142,assets/brand/maps/red_wash__site_overview.png,8d20e51a7cf0068729e3296840ccb5ba1ac1d7bd,site key / visible label: Power Substation,Power Substation,,UNKNOWN,,Implement detailed site geometry at the locked Sweetwater anchor; the location decision is resolved.,"Label observed directly in approved source image. No pixel georeferencing, geographic position or rail custody inferred. Original imagery is conceptual and superseded for county, coordinates and rail access.",GEO-D008
SH-FAC-RW-010,Red Wash Maintenance,SOURCE_IMAGE_FACILITY,SH-ENT-007,"Red Wash site, Wyoming",UNLOCATED_WITHIN_SITE,OPEN,UNKNOWN,FICTIONAL_IN_REAL_GEOGRAPHY,SRC-7B82D38FA142,assets/brand/maps/red_wash__site_overview.png,8d20e51a7cf0068729e3296840ccb5ba1ac1d7bd,site key / visible label: Maintenance,Maintenance,,UNKNOWN,,Implement detailed site geometry at the locked Sweetwater anchor; the location decision is resolved.,"Label observed directly in approved source image. No pixel georeferencing, geographic position or rail custody inferred. Original imagery is conceptual and superseded for county, coordinates and rail access.",GEO-D008
SH-FAC-RW-011,Red Wash Mine Rescue / Emergency,SOURCE_IMAGE_FACILITY,SH-ENT-007,"Red Wash site, Wyoming",UNLOCATED_WITHIN_SITE,OPEN,UNKNOWN,FICTIONAL_IN_REAL_GEOGRAPHY,SRC-7B82D38FA142,assets/brand/maps/red_wash__site_overview.png,8d20e51a7cf0068729e3296840ccb5ba1ac1d7bd,site key / visible label: Mine Rescue / Emergency,Mine Rescue / Emergency,,UNKNOWN,,Implement detailed site geometry at the locked Sweetwater anchor; the location decision is resolved.,"Label observed directly in approved source image. No pixel georeferencing, geographic position or rail custody inferred. Original imagery is conceptual and superseded for county, coordinates and rail access.",GEO-D008
SH-FAC-RW-012,Red Wash Fuel & Explosives Storage,SOURCE_IMAGE_FACILITY,SH-ENT-007,"Red Wash site, Wyoming",UNLOCATED_WITHIN_SITE,OPEN,UNKNOWN,FICTIONAL_IN_REAL_GEOGRAPHY,SRC-7B82D38FA142,assets/brand/maps/red_wash__site_overview.png,8d20e51a7cf0068729e3296840ccb5ba1ac1d7bd,site key / visible label: Fuel & Explosives Storage,Fuel & Explosives Storage,,UNKNOWN,,Implement detailed site geometry at the locked Sweetwater anchor; the location decision is resolved.,"Label observed directly in approved source image. No pixel georeferencing, geographic position or rail custody inferred. Original imagery is conceptual and superseded for county, coordinates and rail access.",GEO-D008
SH-FAC-RW-013,Red Wash Water Management,SOURCE_IMAGE_FACILITY,SH-ENT-007,"Red Wash site, Wyoming",UNLOCATED_WITHIN_SITE,OPEN,UNKNOWN,FICTIONAL_IN_REAL_GEOGRAPHY,SRC-7B82D38FA142,assets/brand/maps/red_wash__site_overview.png,8d20e51a7cf0068729e3296840ccb5ba1ac1d7bd,site key / visible label: Water Management,Water Management,,UNKNOWN,,Implement detailed site geometry at the locked Sweetwater anchor; the location decision is resolved.,"Label observed directly in approved source image. No pixel georeferencing, geographic position or rail custody inferred. Original imagery is conceptual and superseded for county, coordinates and rail access.",GEO-D008
SH-FAC-RW-L1,Red Wash underground level 1,CONCEPTUAL_UNDERGROUND_LEVEL,SH-ENT-007,"Red Wash underground, Wyoming",RELATIVE_DEPTH_ONLY,OPEN,UNKNOWN,FICTIONAL_IN_REAL_GEOGRAPHY,SRC-4BCEA6C47614,assets/brand/maps/red_wash__underground_plan.png,8d20e51a7cf0068729e3296840ccb5ba1ac1d7bd,underground level 1,LEVEL 1 (-500 feet),,UNKNOWN,,Implement detailed site geometry at the locked Sweetwater anchor; the location decision is resolved.,"Transcribed label; apostrophe depth notation expanded to feet. Original imagery is conceptual and superseded for county, coordinates and rail access.",GEO-D008
SH-FAC-RW-L2,Red Wash underground level 2,CONCEPTUAL_UNDERGROUND_LEVEL,SH-ENT-007,"Red Wash underground, Wyoming",RELATIVE_DEPTH_ONLY,OPEN,UNKNOWN,FICTIONAL_IN_REAL_GEOGRAPHY,SRC-4BCEA6C47614,assets/brand/maps/red_wash__underground_plan.png,8d20e51a7cf0068729e3296840ccb5ba1ac1d7bd,underground level 2,"LEVEL 2 (-1,000 feet)",,UNKNOWN,,Implement detailed site geometry at the locked Sweetwater anchor; the location decision is resolved.,"Transcribed label; apostrophe depth notation expanded to feet. Original imagery is conceptual and superseded for county, coordinates and rail access.",GEO-D008
SH-FAC-RW-L3,Red Wash underground level 3,CONCEPTUAL_UNDERGROUND_LEVEL,SH-ENT-007,"Red Wash underground, Wyoming",RELATIVE_DEPTH_ONLY,OPEN,UNKNOWN,FICTIONAL_IN_REAL_GEOGRAPHY,SRC-4BCEA6C47614,assets/brand/maps/red_wash__underground_plan.png,8d20e51a7cf0068729e3296840ccb5ba1ac1d7bd,underground level 3,"LEVEL 3 (-1,500 feet)",,UNKNOWN,,Implement detailed site geometry at the locked Sweetwater anchor; the location decision is resolved.,"Transcribed label; apostrophe depth notation expanded to feet. Original imagery is conceptual and superseded for county, coordinates and rail access.",GEO-D008
SH-FAC-RW-L4,Red Wash underground level 4,CONCEPTUAL_UNDERGROUND_LEVEL,SH-ENT-007,"Red Wash underground, Wyoming",RELATIVE_DEPTH_ONLY,OPEN,UNKNOWN,FICTIONAL_IN_REAL_GEOGRAPHY,SRC-4BCEA6C47614,assets/brand/maps/red_wash__underground_plan.png,8d20e51a7cf0068729e3296840ccb5ba1ac1d7bd,underground level 4,"LEVEL 4 (-2,000 feet)",,UNKNOWN,,Implement detailed site geometry at the locked Sweetwater anchor; the location decision is resolved.,"Transcribed label; apostrophe depth notation expanded to feet. Original imagery is conceptual and superseded for county, coordinates and rail access.",GEO-D008
SH-FAC-RW-L5,Red Wash underground level 5,CONCEPTUAL_UNDERGROUND_LEVEL,SH-ENT-007,"Red Wash underground, Wyoming",RELATIVE_DEPTH_ONLY,OPEN,UNKNOWN,FICTIONAL_IN_REAL_GEOGRAPHY,SRC-4BCEA6C47614,assets/brand/maps/red_wash__underground_plan.png,8d20e51a7cf0068729e3296840ccb5ba1ac1d7bd,underground level 5,"LEVEL 5 (-2,500 feet)",,UNKNOWN,,Implement detailed site geometry at the locked Sweetwater anchor; the location decision is resolved.,"Transcribed label; apostrophe depth notation expanded to feet. Original imagery is conceptual and superseded for county, coordinates and rail access.",GEO-D008
SH-BR-FACILITY-001,Facility 1,GENERATED_FACILITY,SH-ENT-010,"Blackridge, Nevada",UNLOCATED_WITHIN_SITE,OPEN,ILLUSTRATIVE,FICTIONAL_IN_REAL_GEOGRAPHY,SRC-62D9DE5F51D2,blackridge/data/public/databases/blackridge_m00_v0.1.0.sqlite3,8d20e51a7cf0068729e3296840ccb5ba1ac1d7bd,table:facility:distinct-name:Facility 1,Facility 1,2015,YEAR,,Link existing Blackridge component ID when upstream topology is spatialized; do not geocode generated labels.,Synthetic M00 generated component; retained separately from accepted narrative asset geometry.,GEO-D008
SH-BR-FACILITY-002,Facility 2,GENERATED_FACILITY,SH-ENT-010,"Blackridge, Nevada",UNLOCATED_WITHIN_SITE,OPEN,ILLUSTRATIVE,FICTIONAL_IN_REAL_GEOGRAPHY,SRC-62D9DE5F51D2,blackridge/data/public/databases/blackridge_m00_v0.1.0.sqlite3,8d20e51a7cf0068729e3296840ccb5ba1ac1d7bd,table:facility:distinct-name:Facility 2,Facility 2,2015,YEAR,,Link existing Blackridge component ID when upstream topology is spatialized; do not geocode generated labels.,Synthetic M00 generated component; retained separately from accepted narrative asset geometry.,GEO-D008
SH-BR-WAREHOUSE-001,Warehouse 1,GENERATED_WAREHOUSE,SH-ENT-010,"Blackridge, Nevada",UNLOCATED_WITHIN_SITE,OPEN,ILLUSTRATIVE,FICTIONAL_IN_REAL_GEOGRAPHY,SRC-62D9DE5F51D2,blackridge/data/public/databases/blackridge_m00_v0.1.0.sqlite3,8d20e51a7cf0068729e3296840ccb5ba1ac1d7bd,table:warehouse:distinct-name:Warehouse 1,Warehouse 1,2015,YEAR,,Link existing Blackridge component ID when upstream topology is spatialized; do not geocode generated labels.,Synthetic M00 generated component; retained separately from accepted narrative asset geometry.,GEO-D008
SH-BR-PIT-001,Pit 1,GENERATED_PIT,SH-ENT-010,"Blackridge, Nevada",UNLOCATED_WITHIN_SITE,OPEN,ILLUSTRATIVE,FICTIONAL_IN_REAL_GEOGRAPHY,SRC-62D9DE5F51D2,blackridge/data/public/databases/blackridge_m00_v0.1.0.sqlite3,8d20e51a7cf0068729e3296840ccb5ba1ac1d7bd,table:pit:distinct-name:Pit 1,Pit 1,2015,YEAR,,Link existing Blackridge component ID when upstream topology is spatialized; do not geocode generated labels.,Synthetic M00 generated component; retained separately from accepted narrative asset geometry.,GEO-D008
SH-BR-BENCH-001,Bench 1,GENERATED_BENCH,SH-ENT-010,"Blackridge, Nevada",UNLOCATED_WITHIN_SITE,OPEN,ILLUSTRATIVE,FICTIONAL_IN_REAL_GEOGRAPHY,SRC-62D9DE5F51D2,blackridge/data/public/databases/blackridge_m00_v0.1.0.sqlite3,8d20e51a7cf0068729e3296840ccb5ba1ac1d7bd,table:bench:distinct-name:Bench 1,Bench 1,2015,YEAR,,Link existing Blackridge component ID when upstream topology is spatialized; do not geocode generated labels.,Synthetic M00 generated component; retained separately from accepted narrative asset geometry.,GEO-D008
SH-BR-STOCKPILE-001,Stockpile 1,GENERATED_STOCKPILE,SH-ENT-010,"Blackridge, Nevada",UNLOCATED_WITHIN_SITE,OPEN,ILLUSTRATIVE,FICTIONAL_IN_REAL_GEOGRAPHY,SRC-62D9DE5F51D2,blackridge/data/public/databases/blackridge_m00_v0.1.0.sqlite3,8d20e51a7cf0068729e3296840ccb5ba1ac1d7bd,table:stockpile:distinct-name:Stockpile 1,Stockpile 1,2015,YEAR,,Link existing Blackridge component ID when upstream topology is spatialized; do not geocode generated labels.,Synthetic M00 generated component; retained separately from accepted narrative asset geometry.,GEO-D008
SH-BR-BUILDING-001,Building 1,GENERATED_BUILDING,SH-ENT-010,"Blackridge, Nevada",UNLOCATED_WITHIN_SITE,OPEN,ILLUSTRATIVE,FICTIONAL_IN_REAL_GEOGRAPHY,SRC-62D9DE5F51D2,blackridge/data/public/databases/blackridge_m00_v0.1.0.sqlite3,8d20e51a7cf0068729e3296840ccb5ba1ac1d7bd,table:building:distinct-name:Building 1,Building 1,2015,YEAR,,Link existing Blackridge component ID when upstream topology is spatialized; do not geocode generated labels.,Synthetic M00 generated component; retained separately from accepted narrative asset geometry.,GEO-D008
SH-BR-AREA-001,West Wall Phase 4,MINE_PROJECT_AREA,SH-ENT-010,"Blackridge, Nevada",UNLOCATED_WITHIN_SITE,CONSTRAINED,CANON_CONSTRAINED,FICTIONAL_IN_REAL_GEOGRAPHY,SRC-FDAF759E748F,blackridge/docs/canon/BLACKRIDGE_CANON_IMPLEMENTATION_SPEC.md,8d20e51a7cf0068729e3296840ccb5ba1ac1d7bd,lines:3-4,"The implementation locks Argent Ridge Mining, Blackridge Mine in Nevada, calendar 2015, and West
Wall Phase 4.",2015,YEAR,,Link upstream Blackridge pit/project topology; no exact wall polygon inferred.,Multiline source phrase captured explicitly.,GEO-D008
SH-SITE-0027,Demotte AMD host treatment and Gen 1 recovery deployment,HOST_PROCESS_SITE,SH-ENT-DEM,North-central West Virginia,REGIONAL,CONSTRAINED,CANON_CONSTRAINED,FICTIONAL_IN_REAL_GEOGRAPHY,SRC-CURRENT-CRADLE,docs/canon/CRADLE_CLOSEOUT_2026-09-06.md,d91a22c35c91b213204411421de88815f27d8e16,line:95,Cradle's first U.S. reference deployment is an acid-mine-drainage recovery installation in north-central West Virginia operated in partnership with the fictional **Demotte Reclamation Services**.,2026,YEAR_OR_RANGE,,"Locate host treatment site; preserve bypass, host compliance and recovery-right boundaries.","External treatment host; geographically distinct from Bedford. No mine, treatment system or remediation liability transfers to Cradle.",GEO-D016
SH-FAC-FORT-BIG,The Big Shed,RESEARCH_BUILDING,SH-ENT-002,"Pittsburgh area, Pennsylvania; Hazelwood study district retained",SITE_COMPONENT_UNLOCATED,CONSTRAINED,CANON_CONSTRAINED,FICTIONAL_IN_REAL_GEOGRAPHY,SRC-CURRENT-FORT,docs/canon/WILLOW_KLEIN_CLOSEOUT_2026-09-06.md,d91a22c35c91b213204411421de88815f27d8e16,line:79,**The Big Shed** — Willow's main research building and laboratory.,2022–2026,YEAR_OR_RANGE,,Place within eventual Fort parcel; no independent campus or public museum implied.,"Component of the Fort; function locked, placement not supplied.",GEO-D017
SH-FAC-FORT-SMALL,The Small Shed,ADMINISTRATION_AND_TEMPORARY_LODGING,SH-ENT-002,"Pittsburgh area, Pennsylvania; Hazelwood study district retained",SITE_COMPONENT_UNLOCATED,CONSTRAINED,CANON_CONSTRAINED,FICTIONAL_IN_REAL_GEOGRAPHY,SRC-CURRENT-FORT,docs/canon/WILLOW_KLEIN_CLOSEOUT_2026-09-06.md,d91a22c35c91b213204411421de88815f27d8e16,line:80,**The Small Shed** — administrative offices plus a small attached lodging component,2022–2026,YEAR_OR_RANGE,,Place within eventual Fort parcel; no independent campus or public museum implied.,"Component of the Fort; function locked, placement not supplied.",GEO-D017
SH-FAC-FORT-WHITE,The White Shed,INTAKE_AND_STORAGE,SH-ENT-002,"Pittsburgh area, Pennsylvania; Hazelwood study district retained",SITE_COMPONENT_UNLOCATED,CONSTRAINED,CANON_CONSTRAINED,FICTIONAL_IN_REAL_GEOGRAPHY,SRC-CURRENT-FORT,docs/canon/WILLOW_KLEIN_CLOSEOUT_2026-09-06.md,d91a22c35c91b213204411421de88815f27d8e16,line:81,"**The White Shed** — controlled intake, secure storage, utility, mechanical, staging, and quarantine space",2022–2026,YEAR_OR_RANGE,,Place within eventual Fort parcel; no independent campus or public museum implied.,"Component of the Fort; function locked, placement not supplied.",GEO-D017
SH-FAC-FORT-MUSEUM,The Museum,WORKING_YARD,SH-ENT-002,"Pittsburgh area, Pennsylvania; Hazelwood study district retained",SITE_COMPONENT_UNLOCATED,CONSTRAINED,CANON_CONSTRAINED,FICTIONAL_IN_REAL_GEOGRAPHY,SRC-CURRENT-FORT,docs/canon/WILLOW_KLEIN_CLOSEOUT_2026-09-06.md,d91a22c35c91b213204411421de88815f27d8e16,line:83,The working yards and accumulated outdoor collection are collectively known as **the Museum**.,2022–2026,YEAR_OR_RANGE,,Place within eventual Fort parcel; no independent campus or public museum implied.,"Component of the Fort; function locked, placement not supplied.",GEO-D017
