site_id,building_id,floor_id,room_id,name,area_m2,access,geometry_role,assigned_desks,shared_desks,touchdown_seats,training_seats,meeting_seats,dining_seats,resident_beds,special_use_capacity,source
SH-SITE-0001,SH-SITE-0001-A,SH-SITE-0001-A-L01,SH-SITE-0001-A-L01-R01,Focus west,40.134113279999994,staff,partitioned_room,0,0,0,0,4,0,0,,geospatial/facilities/source/campus.json
SH-SITE-0001,SH-SITE-0001-A,SH-SITE-0001-A-L01,SH-SITE-0001-A-L01-R02,Calls west,30.100584959999996,staff,partitioned_room,0,0,0,0,0,0,0,,geospatial/facilities/source/campus.json
SH-SITE-0001,SH-SITE-0001-A,SH-SITE-0001-A-L01,SH-SITE-0001-A-L01-R03,Focus east,40.134113279999994,staff,partitioned_room,0,0,0,0,4,0,0,,geospatial/facilities/source/campus.json
SH-SITE-0001,SH-SITE-0001-A,SH-SITE-0001-A-L01,SH-SITE-0001-A-L01-R04,Calls east,30.100584959999996,staff,partitioned_room,0,0,0,0,0,0,0,,geospatial/facilities/source/campus.json
SH-SITE-0001,SH-SITE-0001-A,SH-SITE-0001-A-L01,SH-SITE-0001-A-L01-R05,Huddle 1,26.75607552,staff,partitioned_room,0,0,0,0,4,0,0,,geospatial/facilities/source/campus.json
SH-SITE-0001,SH-SITE-0001-A,SH-SITE-0001-A-L01,SH-SITE-0001-A-L01-R06,Huddle 2,26.75607552,staff,partitioned_room,0,0,0,0,4,0,0,,geospatial/facilities/source/campus.json
SH-SITE-0001,SH-SITE-0001-A,SH-SITE-0001-A-L01,SH-SITE-0001-A-L01-R07,Huddle 3,26.75607552,staff,partitioned_room,0,0,0,0,4,0,0,,geospatial/facilities/source/campus.json
SH-SITE-0001,SH-SITE-0001-A,SH-SITE-0001-A-L01,SH-SITE-0001-A-L01-R08,Huddle 4,26.75607552,staff,partitioned_room,0,0,0,0,4,0,0,,geospatial/facilities/source/campus.json
SH-SITE-0001,SH-SITE-0001-A,SH-SITE-0001-A-L01,SH-SITE-0001-A-L01-R09,Shared project room 1,59.4579456,staff,partitioned_room,0,0,0,0,8,0,0,,geospatial/facilities/source/campus.json
SH-SITE-0001,SH-SITE-0001-A,SH-SITE-0001-A-L01,SH-SITE-0001-A-L01-R10,Shared project room 2,59.4579456,staff,partitioned_room,0,0,0,0,8,0,0,,geospatial/facilities/source/campus.json
SH-SITE-0001,SH-SITE-0001-A,SH-SITE-0001-A-L01,SH-SITE-0001-A-L01-R11,Shared project room 3,59.4579456,staff,partitioned_room,0,0,0,0,8,0,0,,geospatial/facilities/source/campus.json
SH-SITE-0001,SH-SITE-0001-A,SH-SITE-0001-A-L01,SH-SITE-0001-A-L01-R12,Shared project room 4,59.4579456,staff,partitioned_room,0,0,0,0,8,0,0,,geospatial/facilities/source/campus.json
SH-SITE-0001,SH-SITE-0001-A,SH-SITE-0001-A-L01,SH-SITE-0001-A-L01-R13,Advisory common bench,321.07290623999995,staff,partitioned_room,0,24,0,0,0,0,0,,geospatial/facilities/source/campus.json
SH-SITE-0001,SH-SITE-0001-A,SH-SITE-0001-A-L01,SH-SITE-0001-A-L01-R14,Corporate commons / 80 dining seats,321.07290623999995,public,partitioned_room,0,0,0,0,0,80,0,,geospatial/facilities/source/campus.json
SH-SITE-0001,SH-SITE-0001-A,SH-SITE-0001-A-L01,SH-SITE-0001-A-L01-R15,Client reception and hospitality,160.53645311999998,public,partitioned_room,4,0,0,0,0,0,0,,geospatial/facilities/source/campus.json
SH-SITE-0001,SH-SITE-0001-A,SH-SITE-0001-A-L01,SH-SITE-0001-A-L01-R16,Visiting workplaces,160.53645311999998,staff,partitioned_room,0,0,12,0,0,0,0,,geospatial/facilities/source/campus.json
SH-SITE-0001,SH-SITE-0001-A,SH-SITE-0001-A-L02,SH-SITE-0001-A-L02-R01,Focus west,40.134113279999994,staff,partitioned_room,0,0,0,0,4,0,0,,geospatial/facilities/source/campus.json
SH-SITE-0001,SH-SITE-0001-A,SH-SITE-0001-A-L02,SH-SITE-0001-A-L02-R02,Calls west,30.100584959999996,staff,partitioned_room,0,0,0,0,0,0,0,,geospatial/facilities/source/campus.json
SH-SITE-0001,SH-SITE-0001-A,SH-SITE-0001-A-L02,SH-SITE-0001-A-L02-R03,Focus east,40.134113279999994,staff,partitioned_room,0,0,0,0,4,0,0,,geospatial/facilities/source/campus.json
SH-SITE-0001,SH-SITE-0001-A,SH-SITE-0001-A-L02,SH-SITE-0001-A-L02-R04,Calls east,30.100584959999996,staff,partitioned_room,0,0,0,0,0,0,0,,geospatial/facilities/source/campus.json
SH-SITE-0001,SH-SITE-0001-A,SH-SITE-0001-A-L02,SH-SITE-0001-A-L02-R05,Huddle 1,26.75607552,staff,partitioned_room,0,0,0,0,4,0,0,,geospatial/facilities/source/campus.json
SH-SITE-0001,SH-SITE-0001-A,SH-SITE-0001-A-L02,SH-SITE-0001-A-L02-R06,Huddle 2,26.75607552,staff,partitioned_room,0,0,0,0,4,0,0,,geospatial/facilities/source/campus.json
SH-SITE-0001,SH-SITE-0001-A,SH-SITE-0001-A-L02,SH-SITE-0001-A-L02-R07,Huddle 3,26.75607552,staff,partitioned_room,0,0,0,0,4,0,0,,geospatial/facilities/source/campus.json
SH-SITE-0001,SH-SITE-0001-A,SH-SITE-0001-A-L02,SH-SITE-0001-A-L02-R08,Huddle 4,26.75607552,staff,partitioned_room,0,0,0,0,4,0,0,,geospatial/facilities/source/campus.json
SH-SITE-0001,SH-SITE-0001-A,SH-SITE-0001-A-L02,SH-SITE-0001-A-L02-R09,Shared project room 1,59.4579456,staff,partitioned_room,0,0,0,0,8,0,0,,geospatial/facilities/source/campus.json
SH-SITE-0001,SH-SITE-0001-A,SH-SITE-0001-A-L02,SH-SITE-0001-A-L02-R10,Shared project room 2,59.4579456,staff,partitioned_room,0,0,0,0,8,0,0,,geospatial/facilities/source/campus.json
SH-SITE-0001,SH-SITE-0001-A,SH-SITE-0001-A-L02,SH-SITE-0001-A-L02-R11,Shared project room 3,59.4579456,staff,partitioned_room,0,0,0,0,8,0,0,,geospatial/facilities/source/campus.json
SH-SITE-0001,SH-SITE-0001-A,SH-SITE-0001-A-L02,SH-SITE-0001-A-L02-R12,Shared project room 4,59.4579456,staff,partitioned_room,0,0,0,0,8,0,0,,geospatial/facilities/source/campus.json
SH-SITE-0001,SH-SITE-0001-A,SH-SITE-0001-A-L02,SH-SITE-0001-A-L02-R13,Foundry Field west studio,321.07290623999995,staff,partitioned_room,0,40,0,0,0,0,0,,geospatial/facilities/source/campus.json
SH-SITE-0001,SH-SITE-0001-A,SH-SITE-0001-A-L02,SH-SITE-0001-A-L02-R14,Foundry Field south studio,321.07290623999995,staff,partitioned_room,0,40,0,0,0,0,0,,geospatial/facilities/source/campus.json
SH-SITE-0001,SH-SITE-0001-A,SH-SITE-0001-A-L02,SH-SITE-0001-A-L02-R15,Atlas Meridian product development,321.07290623999995,staff,partitioned_room,32,0,0,0,0,0,0,,geospatial/facilities/source/campus.json
SH-SITE-0001,SH-SITE-0001-A,SH-SITE-0001-A-L03,SH-SITE-0001-A-L03-R01,Focus west,40.134113279999994,staff,partitioned_room,0,0,0,0,4,0,0,,geospatial/facilities/source/campus.json
SH-SITE-0001,SH-SITE-0001-A,SH-SITE-0001-A-L03,SH-SITE-0001-A-L03-R02,Calls west,30.100584959999996,staff,partitioned_room,0,0,0,0,0,0,0,,geospatial/facilities/source/campus.json
SH-SITE-0001,SH-SITE-0001-A,SH-SITE-0001-A-L03,SH-SITE-0001-A-L03-R03,Focus east,40.134113279999994,staff,partitioned_room,0,0,0,0,4,0,0,,geospatial/facilities/source/campus.json
SH-SITE-0001,SH-SITE-0001-A,SH-SITE-0001-A-L03,SH-SITE-0001-A-L03-R04,Calls east,30.100584959999996,staff,partitioned_room,0,0,0,0,0,0,0,,geospatial/facilities/source/campus.json
SH-SITE-0001,SH-SITE-0001-A,SH-SITE-0001-A-L03,SH-SITE-0001-A-L03-R05,Huddle 1,26.75607552,staff,partitioned_room,0,0,0,0,4,0,0,,geospatial/facilities/source/campus.json
SH-SITE-0001,SH-SITE-0001-A,SH-SITE-0001-A-L03,SH-SITE-0001-A-L03-R06,Huddle 2,26.75607552,staff,partitioned_room,0,0,0,0,4,0,0,,geospatial/facilities/source/campus.json
SH-SITE-0001,SH-SITE-0001-A,SH-SITE-0001-A-L03,SH-SITE-0001-A-L03-R07,Huddle 3,26.75607552,staff,partitioned_room,0,0,0,0,4,0,0,,geospatial/facilities/source/campus.json
SH-SITE-0001,SH-SITE-0001-A,SH-SITE-0001-A-L03,SH-SITE-0001-A-L03-R08,Huddle 4,26.75607552,staff,partitioned_room,0,0,0,0,4,0,0,,geospatial/facilities/source/campus.json
SH-SITE-0001,SH-SITE-0001-A,SH-SITE-0001-A-L03,SH-SITE-0001-A-L03-R09,Shared project room 1,59.4579456,staff,partitioned_room,0,0,0,0,8,0,0,,geospatial/facilities/source/campus.json
SH-SITE-0001,SH-SITE-0001-A,SH-SITE-0001-A-L03,SH-SITE-0001-A-L03-R10,Shared project room 2,59.4579456,staff,partitioned_room,0,0,0,0,8,0,0,,geospatial/facilities/source/campus.json
SH-SITE-0001,SH-SITE-0001-A,SH-SITE-0001-A-L03,SH-SITE-0001-A-L03-R11,Shared project room 3,59.4579456,staff,partitioned_room,0,0,0,0,8,0,0,,geospatial/facilities/source/campus.json
SH-SITE-0001,SH-SITE-0001-A,SH-SITE-0001-A-L03,SH-SITE-0001-A-L03-R12,Shared project room 4,59.4579456,staff,partitioned_room,0,0,0,0,8,0,0,,geospatial/facilities/source/campus.json
SH-SITE-0001,SH-SITE-0001-A,SH-SITE-0001-A-L03,SH-SITE-0001-A-L03-R13,Finance,80.26822655999999,staff,partitioned_room,0,8,0,0,0,0,0,,geospatial/facilities/source/campus.json
SH-SITE-0001,SH-SITE-0001-A,SH-SITE-0001-A-L03,SH-SITE-0001-A-L03-R14,People and Culture,80.26822655999999,staff,partitioned_room,0,6,0,0,0,0,0,,geospatial/facilities/source/campus.json
SH-SITE-0001,SH-SITE-0001-A,SH-SITE-0001-A-L03,SH-SITE-0001-A-L03-R15,Legal / Compliance / Risk,80.26822655999999,staff,partitioned_room,0,6,0,0,0,0,0,,geospatial/facilities/source/campus.json
SH-SITE-0001,SH-SITE-0001-A,SH-SITE-0001-A-L03,SH-SITE-0001-A-L03-R16,Procurement / Facilities / Quality,80.26822655999999,staff,partitioned_room,0,4,0,0,0,0,0,,geospatial/facilities/source/campus.json
SH-SITE-0001,SH-SITE-0001-A,SH-SITE-0001-A-L03,SH-SITE-0001-A-L03-R17,Corporate officers and executive operations,321.07290623999995,staff,partitioned_room,8,0,0,0,0,0,0,,geospatial/facilities/source/campus.json
SH-SITE-0001,SH-SITE-0001-A,SH-SITE-0001-A-L03,SH-SITE-0001-A-L03-R18,Independent Internal Audit suite,160.53645311999998,audit,partitioned_room,8,0,0,0,0,0,0,,geospatial/facilities/source/campus.json
SH-SITE-0001,SH-SITE-0001-A,SH-SITE-0001-A-L03,SH-SITE-0001-A-L03-R19,Technology / Security / Resilience,160.53645311999998,staff,partitioned_room,0,8,0,0,0,0,0,,geospatial/facilities/source/campus.json
SH-SITE-0001,SH-SITE-0001-B,SH-SITE-0001-B-L01,SH-SITE-0001-B-L01-R01,Case room 1,25.64123904,restricted,partitioned_room,0,0,0,0,4,0,0,,geospatial/facilities/source/campus.json
SH-SITE-0001,SH-SITE-0001-B,SH-SITE-0001-B-L01,SH-SITE-0001-B-L01-R02,Case room 2,25.64123904,restricted,partitioned_room,0,0,0,0,4,0,0,,geospatial/facilities/source/campus.json
SH-SITE-0001,SH-SITE-0001-B,SH-SITE-0001-B-L01,SH-SITE-0001-B-L01-R03,Case room 3,25.64123904,restricted,partitioned_room,0,0,0,0,4,0,0,,geospatial/facilities/source/campus.json
SH-SITE-0001,SH-SITE-0001-B,SH-SITE-0001-B-L01,SH-SITE-0001-B-L01-R04,Case room 4,25.64123904,restricted,partitioned_room,0,0,0,0,4,0,0,,geospatial/facilities/source/campus.json
SH-SITE-0001,SH-SITE-0001-B,SH-SITE-0001-B-L01,SH-SITE-0001-B-L01-R05,Head of Contact / Mara Hammer,33.4450944,restricted,partitioned_room,1,0,0,0,0,0,0,,geospatial/facilities/source/campus.json
SH-SITE-0001,SH-SITE-0001-B,SH-SITE-0001-B-L01,SH-SITE-0001-B-L01-R06,Deputy Head of Contact,33.4450944,restricted,partitioned_room,1,0,0,0,0,0,0,,geospatial/facilities/source/campus.json
SH-SITE-0001,SH-SITE-0001-B,SH-SITE-0001-B-L01,SH-SITE-0001-B-L01-R07,Contact west studio,307.69486847999997,restricted,partitioned_room,0,22,0,0,0,0,0,,geospatial/facilities/source/campus.json
SH-SITE-0001,SH-SITE-0001-B,SH-SITE-0001-B-L01,SH-SITE-0001-B-L01-R08,Contact east studio,307.69486847999997,restricted,partitioned_room,0,24,0,0,0,0,0,,geospatial/facilities/source/campus.json
SH-SITE-0001,SH-SITE-0001-B,SH-SITE-0001-B-L01,SH-SITE-0001-B-L01-R09,Methods room,33.4450944,restricted,partitioned_room,0,0,0,0,4,0,0,,geospatial/facilities/source/campus.json
SH-SITE-0001,SH-SITE-0001-B,SH-SITE-0001-B-L01,SH-SITE-0001-B-L01-R10,Kit preparation / store,33.4450944,staff,partitioned_room,0,0,0,0,0,0,0,,geospatial/facilities/source/campus.json
SH-SITE-0001,SH-SITE-0001-B,SH-SITE-0001-B-L01,SH-SITE-0001-B-L01-R11,Junction Advisory Group,307.69486847999997,restricted,partitioned_room,0,0,12,0,0,0,0,,geospatial/facilities/source/campus.json
SH-SITE-0001,SH-SITE-0001-B,SH-SITE-0001-B-L01,SH-SITE-0001-B-L01-R12,J2 reception / headquarters support,73.57920768,public,partitioned_room,2,0,0,0,0,0,0,,geospatial/facilities/source/campus.json
SH-SITE-0001,SH-SITE-0001-B,SH-SITE-0001-B-L01,SH-SITE-0001-B-L01-R13,Interview01,80.26822655999999,visitor,partitioned_room,0,0,0,0,6,0,0,,geospatial/facilities/source/campus.json
SH-SITE-0001,SH-SITE-0001-B,SH-SITE-0001-B-L01,SH-SITE-0001-B-L01-R14,Interview02,80.26822655999999,visitor,partitioned_room,0,0,0,0,6,0,0,,geospatial/facilities/source/campus.json
SH-SITE-0001,SH-SITE-0001-B,SH-SITE-0001-B-L01,SH-SITE-0001-B-L01-R15,Visitor waiting,93.64626431999999,visitor,partitioned_room,0,0,0,0,0,0,0,,geospatial/facilities/source/campus.json
SH-SITE-0001,SH-SITE-0001-B,SH-SITE-0001-B-L02,SH-SITE-0001-B-L02-R01,Case room 1,25.64123904,restricted,partitioned_room,0,0,0,0,4,0,0,,geospatial/facilities/source/campus.json
SH-SITE-0001,SH-SITE-0001-B,SH-SITE-0001-B-L02,SH-SITE-0001-B-L02-R02,Case room 2,25.64123904,restricted,partitioned_room,0,0,0,0,4,0,0,,geospatial/facilities/source/campus.json
SH-SITE-0001,SH-SITE-0001-B,SH-SITE-0001-B-L02,SH-SITE-0001-B-L02-R03,Case room 3,25.64123904,restricted,partitioned_room,0,0,0,0,4,0,0,,geospatial/facilities/source/campus.json
SH-SITE-0001,SH-SITE-0001-B,SH-SITE-0001-B-L02,SH-SITE-0001-B-L02-R04,Case room 4,25.64123904,restricted,partitioned_room,0,0,0,0,4,0,0,,geospatial/facilities/source/campus.json
SH-SITE-0001,SH-SITE-0001-B,SH-SITE-0001-B-L02,SH-SITE-0001-B-L02-R05,Head of Judgment / Anika Trish,33.4450944,restricted,partitioned_room,1,0,0,0,0,0,0,,geospatial/facilities/source/campus.json
SH-SITE-0001,SH-SITE-0001-B,SH-SITE-0001-B-L02,SH-SITE-0001-B-L02-R06,Deputy Head of Judgment,33.4450944,restricted,partitioned_room,1,0,0,0,0,0,0,,geospatial/facilities/source/campus.json
SH-SITE-0001,SH-SITE-0001-B,SH-SITE-0001-B-L02,SH-SITE-0001-B-L02-R07,Judgment studio,307.69486847999997,restricted,partitioned_room,0,28,0,0,0,0,0,,geospatial/facilities/source/campus.json
SH-SITE-0001,SH-SITE-0001-B,SH-SITE-0001-B-L02,SH-SITE-0001-B-L02-R08,Orientation studio / Grant Kohrs,307.69486847999997,restricted,partitioned_room,16,0,0,0,0,0,0,,geospatial/facilities/source/campus.json
SH-SITE-0001,SH-SITE-0001-B,SH-SITE-0001-B-L02,SH-SITE-0001-B-L02-R09,Orientation case room,33.4450944,restricted,partitioned_room,0,0,0,0,4,0,0,,geospatial/facilities/source/campus.json
SH-SITE-0001,SH-SITE-0001-B,SH-SITE-0001-B-L02,SH-SITE-0001-B-L02-R10,Controlled records,33.4450944,staff,partitioned_room,0,0,0,0,0,0,0,,geospatial/facilities/source/campus.json
SH-SITE-0001,SH-SITE-0001-B,SH-SITE-0001-B-L02,SH-SITE-0001-B-L02-R11,J2 headquarters / Jonathan Goldstryker / Amanda Chenahot,307.69486847999997,restricted,partitioned_room,20,0,0,0,0,0,0,,geospatial/facilities/source/campus.json
SH-SITE-0001,SH-SITE-0001-B,SH-SITE-0001-B-L02,SH-SITE-0001-B-L02-R12,Headquarters coordination,73.57920768,restricted,partitioned_room,2,0,0,0,0,0,0,,geospatial/facilities/source/campus.json
SH-SITE-0001,SH-SITE-0001-B,SH-SITE-0001-B-L02,SH-SITE-0001-B-L02-R13,Leadership working room,80.26822655999999,restricted,partitioned_room,0,0,0,0,6,0,0,,geospatial/facilities/source/campus.json
SH-SITE-0001,SH-SITE-0001-B,SH-SITE-0001-B-L02,SH-SITE-0001-B-L02-R14,Professional review room,80.26822655999999,restricted,partitioned_room,0,0,0,0,6,0,0,,geospatial/facilities/source/campus.json
SH-SITE-0001,SH-SITE-0001-B,SH-SITE-0001-B-L02,SH-SITE-0001-B-L02-R15,Controlled waiting / reading,93.64626431999999,restricted,partitioned_room,0,0,0,0,0,0,0,,geospatial/facilities/source/campus.json
SH-SITE-0001,SH-SITE-0001-C,SH-SITE-0001-C-L01,SH-SITE-0001-C-L01-R01,Convening hall,267.5607552,public,partitioned_room,0,0,0,120,0,0,0,,geospatial/facilities/source/campus.json
SH-SITE-0001,SH-SITE-0001-C,SH-SITE-0001-C-L01,SH-SITE-0001-C-L01-R02,Classroom01,104.0514048,staff,partitioned_room,0,0,0,24,0,0,0,,geospatial/facilities/source/campus.json
SH-SITE-0001,SH-SITE-0001-C,SH-SITE-0001-C-L01,SH-SITE-0001-C-L01-R03,Classroom02,104.0514048,staff,partitioned_room,0,0,0,24,0,0,0,,geospatial/facilities/source/campus.json
SH-SITE-0001,SH-SITE-0001-C,SH-SITE-0001-C-L01,SH-SITE-0001-C-L01-R04,Education reception,208.1028096,public,partitioned_room,4,0,0,0,0,0,0,,geospatial/facilities/source/campus.json
SH-SITE-0001,SH-SITE-0001-C,SH-SITE-0001-C-L01,SH-SITE-0001-C-L01-R05,Campus dining,193.2383232,public,partitioned_room,0,0,0,0,0,80,0,,geospatial/facilities/source/campus.json
SH-SITE-0001,SH-SITE-0001-C,SH-SITE-0001-C-L01,SH-SITE-0001-C-L01-R06,Shared production kitchen,104.0514048,service,partitioned_room,0,0,0,0,0,0,0,,geospatial/facilities/source/campus.json
SH-SITE-0001,SH-SITE-0001-C,SH-SITE-0001-C-L02,SH-SITE-0001-C-L02-R01,Faculty / Brett Calder,133.7803776,staff,partitioned_room,12,0,0,0,0,0,0,,geospatial/facilities/source/campus.json
SH-SITE-0001,SH-SITE-0001-C,SH-SITE-0001-C-L02,SH-SITE-0001-C-L02-R02,Case design and learning development,133.7803776,staff,partitioned_room,0,8,0,0,0,0,0,,geospatial/facilities/source/campus.json
SH-SITE-0001,SH-SITE-0001-C,SH-SITE-0001-C-L02,SH-SITE-0001-C-L02-R03,Executive / Board simulation,104.0514048,staff,partitioned_room,0,0,0,24,0,0,0,,geospatial/facilities/source/campus.json
SH-SITE-0001,SH-SITE-0001-C,SH-SITE-0001-C-L02,SH-SITE-0001-C-L02-R04,Facilitated breakout,104.0514048,staff,partitioned_room,0,0,0,24,0,0,0,,geospatial/facilities/source/campus.json
SH-SITE-0001,SH-SITE-0001-C,SH-SITE-0001-C-L02,SH-SITE-0001-C-L02-R05,Learning operations,104.0514048,staff,partitioned_room,6,0,0,0,0,0,0,,geospatial/facilities/source/campus.json
SH-SITE-0001,SH-SITE-0001-C,SH-SITE-0001-C-L02,SH-SITE-0001-C-L02-R06,Visiting practitioner work,104.0514048,staff,partitioned_room,0,0,2,0,0,0,0,,geospatial/facilities/source/campus.json
SH-SITE-0001,SH-SITE-0001-C,SH-SITE-0001-C-L02,SH-SITE-0001-C-L02-R07,Seminar and faculty room,96.6191616,staff,partitioned_room,0,0,0,0,12,0,0,,geospatial/facilities/source/campus.json
SH-SITE-0001,SH-SITE-0001-C,SH-SITE-0001-C-L02,SH-SITE-0001-C-L02-R08,Small-group case review,96.6191616,staff,partitioned_room,0,0,0,0,12,0,0,,geospatial/facilities/source/campus.json
SH-SITE-0001,SH-SITE-0001-C,SH-SITE-0001-C-L02,SH-SITE-0001-C-L02-R09,Case archive / AV / teaching stores,104.0514048,staff,partitioned_room,0,0,0,0,0,0,0,,geospatial/facilities/source/campus.json
SH-SITE-0001,SH-SITE-0001-D,SH-SITE-0001-D-L01,SH-SITE-0001-D-L01-R01,Room101 / cohort,28.98574848,resident,partitioned_room,0,0,0,0,0,0,1,,geospatial/facilities/source/campus.json
SH-SITE-0001,SH-SITE-0001-D,SH-SITE-0001-D-L01,SH-SITE-0001-D-L01-R02,Room102 / cohort,28.98574848,resident,partitioned_room,0,0,0,0,0,0,1,,geospatial/facilities/source/campus.json
SH-SITE-0001,SH-SITE-0001-D,SH-SITE-0001-D-L01,SH-SITE-0001-D-L01-R03,Room103 / cohort,28.98574848,resident,partitioned_room,0,0,0,0,0,0,1,,geospatial/facilities/source/campus.json
SH-SITE-0001,SH-SITE-0001-D,SH-SITE-0001-D-L01,SH-SITE-0001-D-L01-R04,Room104 / cohort,28.98574848,resident,partitioned_room,0,0,0,0,0,0,1,,geospatial/facilities/source/campus.json
SH-SITE-0001,SH-SITE-0001-D,SH-SITE-0001-D-L01,SH-SITE-0001-D-L01-R05,Room105 / cohort,28.98574848,resident,partitioned_room,0,0,0,0,0,0,1,,geospatial/facilities/source/campus.json
SH-SITE-0001,SH-SITE-0001-D,SH-SITE-0001-D-L01,SH-SITE-0001-D-L01-R06,Room106 / cohort,28.98574848,resident,partitioned_room,0,0,0,0,0,0,1,,geospatial/facilities/source/campus.json
SH-SITE-0001,SH-SITE-0001-D,SH-SITE-0001-D-L01,SH-SITE-0001-D-L01-R07,Room107 / cohort,28.98574848,resident,partitioned_room,0,0,0,0,0,0,1,,geospatial/facilities/source/campus.json
SH-SITE-0001,SH-SITE-0001-D,SH-SITE-0001-D-L01,SH-SITE-0001-D-L01-R08,Room108 / cohort,28.98574848,resident,partitioned_room,0,0,0,0,0,0,1,,geospatial/facilities/source/campus.json
SH-SITE-0001,SH-SITE-0001-D,SH-SITE-0001-D-L01,SH-SITE-0001-D-L01-R09,Room109 / cohort,28.98574848,resident,partitioned_room,0,0,0,0,0,0,1,,geospatial/facilities/source/campus.json
SH-SITE-0001,SH-SITE-0001-D,SH-SITE-0001-D-L01,SH-SITE-0001-D-L01-R10,Room110 / cohort,28.98574848,resident,partitioned_room,0,0,0,0,0,0,1,,geospatial/facilities/source/campus.json
SH-SITE-0001,SH-SITE-0001-D,SH-SITE-0001-D-L01,SH-SITE-0001-D-L01-R11,Room111 / cohort,30.918131712,resident,partitioned_room,0,0,0,0,0,0,1,,geospatial/facilities/source/campus.json
SH-SITE-0001,SH-SITE-0001-D,SH-SITE-0001-D-L01,SH-SITE-0001-D-L01-R12,Room112 / cohort,30.918131712,resident,partitioned_room,0,0,0,0,0,0,1,,geospatial/facilities/source/campus.json
SH-SITE-0001,SH-SITE-0001-D,SH-SITE-0001-D-L01,SH-SITE-0001-D-L01-R13,Room113 / cohort,30.918131712,resident,partitioned_room,0,0,0,0,0,0,1,,geospatial/facilities/source/campus.json
SH-SITE-0001,SH-SITE-0001-D,SH-SITE-0001-D-L01,SH-SITE-0001-D-L01-R14,Room114 / cohort,30.918131712,resident,partitioned_room,0,0,0,0,0,0,1,,geospatial/facilities/source/campus.json
SH-SITE-0001,SH-SITE-0001-D,SH-SITE-0001-D-L01,SH-SITE-0001-D-L01-R15,Room115 / cohort,30.918131712,resident,partitioned_room,0,0,0,0,0,0,1,,geospatial/facilities/source/campus.json
SH-SITE-0001,SH-SITE-0001-D,SH-SITE-0001-D-L01,SH-SITE-0001-D-L01-R16,Room116 / cohort,30.918131712,resident,partitioned_room,0,0,0,0,0,0,1,,geospatial/facilities/source/campus.json
SH-SITE-0001,SH-SITE-0001-D,SH-SITE-0001-D-L01,SH-SITE-0001-D-L01-R17,Room117 / faculty / visitor,30.918131712,resident,partitioned_room,0,0,0,0,0,0,1,,geospatial/facilities/source/campus.json
SH-SITE-0001,SH-SITE-0001-D,SH-SITE-0001-D-L01,SH-SITE-0001-D-L01-R18,Room118 / faculty / visitor,30.918131712,resident,partitioned_room,0,0,0,0,0,0,1,,geospatial/facilities/source/campus.json
SH-SITE-0001,SH-SITE-0001-D,SH-SITE-0001-D-L01,SH-SITE-0001-D-L01-R19,Room119 / faculty / visitor,30.918131712,resident,partitioned_room,0,0,0,0,0,0,1,,geospatial/facilities/source/campus.json
SH-SITE-0001,SH-SITE-0001-D,SH-SITE-0001-D-L01,SH-SITE-0001-D-L01-R20,Room120 / faculty / visitor,30.918131712,resident,partitioned_room,0,0,0,0,0,0,1,,geospatial/facilities/source/campus.json
SH-SITE-0001,SH-SITE-0001-D,SH-SITE-0001-D-L02,SH-SITE-0001-D-L02-R01,Room201 / cohort,28.98574848,resident,partitioned_room,0,0,0,0,0,0,1,,geospatial/facilities/source/campus.json
SH-SITE-0001,SH-SITE-0001-D,SH-SITE-0001-D-L02,SH-SITE-0001-D-L02-R02,Room202 / cohort,28.98574848,resident,partitioned_room,0,0,0,0,0,0,1,,geospatial/facilities/source/campus.json
SH-SITE-0001,SH-SITE-0001-D,SH-SITE-0001-D-L02,SH-SITE-0001-D-L02-R03,Room203 / cohort,28.98574848,resident,partitioned_room,0,0,0,0,0,0,1,,geospatial/facilities/source/campus.json
SH-SITE-0001,SH-SITE-0001-D,SH-SITE-0001-D-L02,SH-SITE-0001-D-L02-R04,Room204 / cohort,28.98574848,resident,partitioned_room,0,0,0,0,0,0,1,,geospatial/facilities/source/campus.json
SH-SITE-0001,SH-SITE-0001-D,SH-SITE-0001-D-L02,SH-SITE-0001-D-L02-R05,Room205 / cohort,28.98574848,resident,partitioned_room,0,0,0,0,0,0,1,,geospatial/facilities/source/campus.json
SH-SITE-0001,SH-SITE-0001-D,SH-SITE-0001-D-L02,SH-SITE-0001-D-L02-R06,Room206 / cohort,28.98574848,resident,partitioned_room,0,0,0,0,0,0,1,,geospatial/facilities/source/campus.json
SH-SITE-0001,SH-SITE-0001-D,SH-SITE-0001-D-L02,SH-SITE-0001-D-L02-R07,Room207 / cohort,28.98574848,resident,partitioned_room,0,0,0,0,0,0,1,,geospatial/facilities/source/campus.json
SH-SITE-0001,SH-SITE-0001-D,SH-SITE-0001-D-L02,SH-SITE-0001-D-L02-R08,Room208 / cohort,28.98574848,resident,partitioned_room,0,0,0,0,0,0,1,,geospatial/facilities/source/campus.json
SH-SITE-0001,SH-SITE-0001-D,SH-SITE-0001-D-L02,SH-SITE-0001-D-L02-R09,Room209 / cohort,28.98574848,resident,partitioned_room,0,0,0,0,0,0,1,,geospatial/facilities/source/campus.json
SH-SITE-0001,SH-SITE-0001-D,SH-SITE-0001-D-L02,SH-SITE-0001-D-L02-R10,Room210 / cohort,28.98574848,resident,partitioned_room,0,0,0,0,0,0,1,,geospatial/facilities/source/campus.json
SH-SITE-0001,SH-SITE-0001-D,SH-SITE-0001-D-L02,SH-SITE-0001-D-L02-R11,Room211 / cohort,30.918131712,resident,partitioned_room,0,0,0,0,0,0,1,,geospatial/facilities/source/campus.json
SH-SITE-0001,SH-SITE-0001-D,SH-SITE-0001-D-L02,SH-SITE-0001-D-L02-R12,Room212 / cohort,30.918131712,resident,partitioned_room,0,0,0,0,0,0,1,,geospatial/facilities/source/campus.json
SH-SITE-0001,SH-SITE-0001-D,SH-SITE-0001-D-L02,SH-SITE-0001-D-L02-R13,Room213 / cohort,30.918131712,resident,partitioned_room,0,0,0,0,0,0,1,,geospatial/facilities/source/campus.json
SH-SITE-0001,SH-SITE-0001-D,SH-SITE-0001-D-L02,SH-SITE-0001-D-L02-R14,Room214 / cohort,30.918131712,resident,partitioned_room,0,0,0,0,0,0,1,,geospatial/facilities/source/campus.json
SH-SITE-0001,SH-SITE-0001-D,SH-SITE-0001-D-L02,SH-SITE-0001-D-L02-R15,Room215 / cohort,30.918131712,resident,partitioned_room,0,0,0,0,0,0,1,,geospatial/facilities/source/campus.json
SH-SITE-0001,SH-SITE-0001-D,SH-SITE-0001-D-L02,SH-SITE-0001-D-L02-R16,Room216 / cohort,30.918131712,resident,partitioned_room,0,0,0,0,0,0,1,,geospatial/facilities/source/campus.json
SH-SITE-0001,SH-SITE-0001-D,SH-SITE-0001-D-L02,SH-SITE-0001-D-L02-R17,Room217 / faculty / visitor,30.918131712,resident,partitioned_room,0,0,0,0,0,0,1,,geospatial/facilities/source/campus.json
SH-SITE-0001,SH-SITE-0001-D,SH-SITE-0001-D-L02,SH-SITE-0001-D-L02-R18,Room218 / faculty / visitor,30.918131712,resident,partitioned_room,0,0,0,0,0,0,1,,geospatial/facilities/source/campus.json
SH-SITE-0001,SH-SITE-0001-D,SH-SITE-0001-D-L02,SH-SITE-0001-D-L02-R19,Room219 / faculty / visitor,30.918131712,resident,partitioned_room,0,0,0,0,0,0,1,,geospatial/facilities/source/campus.json
SH-SITE-0001,SH-SITE-0001-D,SH-SITE-0001-D-L02,SH-SITE-0001-D-L02-R20,Room220 / faculty / visitor,30.918131712,resident,partitioned_room,0,0,0,0,0,0,1,,geospatial/facilities/source/campus.json
SH-SITE-0001,SH-SITE-0001-D,SH-SITE-0001-D-L03,SH-SITE-0001-D-L03-R01,Room301 / cohort,28.98574848,resident,partitioned_room,0,0,0,0,0,0,1,,geospatial/facilities/source/campus.json
SH-SITE-0001,SH-SITE-0001-D,SH-SITE-0001-D-L03,SH-SITE-0001-D-L03-R02,Room302 / cohort,28.98574848,resident,partitioned_room,0,0,0,0,0,0,1,,geospatial/facilities/source/campus.json
SH-SITE-0001,SH-SITE-0001-D,SH-SITE-0001-D-L03,SH-SITE-0001-D-L03-R03,Room303 / cohort,28.98574848,resident,partitioned_room,0,0,0,0,0,0,1,,geospatial/facilities/source/campus.json
SH-SITE-0001,SH-SITE-0001-D,SH-SITE-0001-D-L03,SH-SITE-0001-D-L03-R04,Room304 / cohort,28.98574848,resident,partitioned_room,0,0,0,0,0,0,1,,geospatial/facilities/source/campus.json
SH-SITE-0001,SH-SITE-0001-D,SH-SITE-0001-D-L03,SH-SITE-0001-D-L03-R05,Room305 / cohort,28.98574848,resident,partitioned_room,0,0,0,0,0,0,1,,geospatial/facilities/source/campus.json
SH-SITE-0001,SH-SITE-0001-D,SH-SITE-0001-D-L03,SH-SITE-0001-D-L03-R06,Room306 / cohort,28.98574848,resident,partitioned_room,0,0,0,0,0,0,1,,geospatial/facilities/source/campus.json
SH-SITE-0001,SH-SITE-0001-D,SH-SITE-0001-D-L03,SH-SITE-0001-D-L03-R07,Room307 / cohort,28.98574848,resident,partitioned_room,0,0,0,0,0,0,1,,geospatial/facilities/source/campus.json
SH-SITE-0001,SH-SITE-0001-D,SH-SITE-0001-D-L03,SH-SITE-0001-D-L03-R08,Room308 / cohort,28.98574848,resident,partitioned_room,0,0,0,0,0,0,1,,geospatial/facilities/source/campus.json
SH-SITE-0001,SH-SITE-0001-D,SH-SITE-0001-D-L03,SH-SITE-0001-D-L03-R09,Room309 / cohort,28.98574848,resident,partitioned_room,0,0,0,0,0,0,1,,geospatial/facilities/source/campus.json
SH-SITE-0001,SH-SITE-0001-D,SH-SITE-0001-D-L03,SH-SITE-0001-D-L03-R10,Room310 / cohort,28.98574848,resident,partitioned_room,0,0,0,0,0,0,1,,geospatial/facilities/source/campus.json
SH-SITE-0001,SH-SITE-0001-D,SH-SITE-0001-D-L03,SH-SITE-0001-D-L03-R11,Room311 / cohort,30.918131712,resident,partitioned_room,0,0,0,0,0,0,1,,geospatial/facilities/source/campus.json
SH-SITE-0001,SH-SITE-0001-D,SH-SITE-0001-D-L03,SH-SITE-0001-D-L03-R12,Room312 / cohort,30.918131712,resident,partitioned_room,0,0,0,0,0,0,1,,geospatial/facilities/source/campus.json
SH-SITE-0001,SH-SITE-0001-D,SH-SITE-0001-D-L03,SH-SITE-0001-D-L03-R13,Room313 / cohort,30.918131712,resident,partitioned_room,0,0,0,0,0,0,1,,geospatial/facilities/source/campus.json
SH-SITE-0001,SH-SITE-0001-D,SH-SITE-0001-D-L03,SH-SITE-0001-D-L03-R14,Room314 / cohort,30.918131712,resident,partitioned_room,0,0,0,0,0,0,1,,geospatial/facilities/source/campus.json
SH-SITE-0001,SH-SITE-0001-D,SH-SITE-0001-D-L03,SH-SITE-0001-D-L03-R15,Room315 / cohort,30.918131712,resident,partitioned_room,0,0,0,0,0,0,1,,geospatial/facilities/source/campus.json
SH-SITE-0001,SH-SITE-0001-D,SH-SITE-0001-D-L03,SH-SITE-0001-D-L03-R16,Room316 / cohort,30.918131712,resident,partitioned_room,0,0,0,0,0,0,1,,geospatial/facilities/source/campus.json
SH-SITE-0001,SH-SITE-0001-D,SH-SITE-0001-D-L03,SH-SITE-0001-D-L03-R17,Room317 / faculty / visitor,30.918131712,resident,partitioned_room,0,0,0,0,0,0,1,,geospatial/facilities/source/campus.json
SH-SITE-0001,SH-SITE-0001-D,SH-SITE-0001-D-L03,SH-SITE-0001-D-L03-R18,Room318 / faculty / visitor,30.918131712,resident,partitioned_room,0,0,0,0,0,0,1,,geospatial/facilities/source/campus.json
SH-SITE-0001,SH-SITE-0001-D,SH-SITE-0001-D-L03,SH-SITE-0001-D-L03-R19,Room319 / faculty / visitor,30.918131712,resident,partitioned_room,0,0,0,0,0,0,1,,geospatial/facilities/source/campus.json
SH-SITE-0001,SH-SITE-0001-D,SH-SITE-0001-D-L03,SH-SITE-0001-D-L03-R20,Room320 / faculty / visitor,30.918131712,resident,partitioned_room,0,0,0,0,0,0,1,,geospatial/facilities/source/campus.json
SH-IND-FAC-TAY-YARD,SH-IND-FAC-TAY-YARD-B01,SH-IND-FAC-TAY-YARD-B01-L01,SH-IND-FAC-TAY-YARD-B01-L01-R01,Running repair / inspection hall,1008,industrial,program_zone,0,0,0,0,0,,0,,geospatial/facilities/source/industrial_facilities.json
SH-IND-FAC-TAY-YARD,SH-IND-FAC-TAY-YARD-B01,SH-IND-FAC-TAY-YARD-B01-L01,SH-IND-FAC-TAY-YARD-B01-L01-R02,Parts and controlled stores,144,staff,program_zone,0,0,0,0,0,,0,,geospatial/facilities/source/industrial_facilities.json
SH-IND-FAC-TAY-YARD,SH-IND-FAC-TAY-YARD-B01,SH-IND-FAC-TAY-YARD-B01-L01,SH-IND-FAC-TAY-YARD-B01-L01-R03,Workshop support and welfare,108,staff,program_zone,1,0,0,0,4,,0,,geospatial/facilities/source/industrial_facilities.json
SH-IND-FAC-TAY-YARD,SH-IND-FAC-TAY-YARD-B02,SH-IND-FAC-TAY-YARD-B02-L01,SH-IND-FAC-TAY-YARD-B02-L01-R01,Dispatch and controlled communications,96,restricted,program_zone,3,0,0,0,0,,0,,geospatial/facilities/source/industrial_facilities.json
SH-IND-FAC-TAY-YARD,SH-IND-FAC-TAY-YARD-B02,SH-IND-FAC-TAY-YARD-B02-L01,SH-IND-FAC-TAY-YARD-B02-L01-R02,Crew briefing and sign-on,96,staff,program_zone,0,0,0,0,12,,0,,geospatial/facilities/source/industrial_facilities.json
SH-IND-FAC-TAY-YARD,SH-IND-FAC-TAY-YARD-B02,SH-IND-FAC-TAY-YARD-B02-L01,SH-IND-FAC-TAY-YARD-B02-L01-R03,Operating supervision,96,staff,program_zone,2,0,0,0,0,,0,,geospatial/facilities/source/industrial_facilities.json
SH-IND-FAC-TAY-YARD,SH-IND-FAC-TAY-YARD-B02,SH-IND-FAC-TAY-YARD-B02-L01,SH-IND-FAC-TAY-YARD-B02-L01-R04,Crew welfare and lockers,144,staff,program_zone,0,0,0,0,12,,0,,geospatial/facilities/source/industrial_facilities.json
SH-IND-FAC-TAY-YARD,SH-IND-FAC-TAY-YARD-B02,SH-IND-FAC-TAY-YARD-B02-L01,SH-IND-FAC-TAY-YARD-B02-L01-R05,Qualification / records work,96,staff,program_zone,0,3,0,0,0,,0,,geospatial/facilities/source/industrial_facilities.json
SH-IND-FAC-TAY-YARD,SH-IND-FAC-TAY-YARD-B02,SH-IND-FAC-TAY-YARD-B02-L01,SH-IND-FAC-TAY-YARD-B02-L01-R06,Wet and service reserve,48,service,program_zone,0,0,0,0,0,,0,,geospatial/facilities/source/industrial_facilities.json
SH-IND-FAC-TAY-WAREHOUSE,SH-IND-FAC-TAY-WAREHOUSE-B01,SH-IND-FAC-TAY-WAREHOUSE-B01-L01,SH-IND-FAC-TAY-WAREHOUSE-B01-L01-R01,Pallet storage zone,10145.011968000003,industrial,program_zone,0,0,0,0,0,,0,,geospatial/facilities/source/industrial_facilities.json
SH-IND-FAC-TAY-WAREHOUSE,SH-IND-FAC-TAY-WAREHOUSE-B01,SH-IND-FAC-TAY-WAREHOUSE-B01-L01,SH-IND-FAC-TAY-WAREHOUSE-B01-L01-R02,Receiving and quarantine,1950.9638400000001,industrial,program_zone,0,0,0,0,0,,0,,geospatial/facilities/source/industrial_facilities.json
SH-IND-FAC-TAY-WAREHOUSE,SH-IND-FAC-TAY-WAREHOUSE-B01,SH-IND-FAC-TAY-WAREHOUSE-B01-L01,SH-IND-FAC-TAY-WAREHOUSE-B01-L01-R03,Order assembly and dispatch,1950.9638400000001,industrial,program_zone,0,0,0,0,0,,0,,geospatial/facilities/source/industrial_facilities.json
SH-IND-FAC-TAY-WAREHOUSE,SH-IND-FAC-TAY-WAREHOUSE-B01,SH-IND-FAC-TAY-WAREHOUSE-B01-L01,SH-IND-FAC-TAY-WAREHOUSE-B01-L01-R04,Customer support,975.4819200000001,staff,program_zone,2,0,0,0,0,,0,,geospatial/facilities/source/industrial_facilities.json
SH-IND-FAC-TAY-WAREHOUSE,SH-IND-FAC-TAY-WAREHOUSE-B01,SH-IND-FAC-TAY-WAREHOUSE-B01-L01,SH-IND-FAC-TAY-WAREHOUSE-B01-L01-R05,Welfare reserve,1170.578304,staff,program_zone,0,0,0,0,4,,0,,geospatial/facilities/source/industrial_facilities.json
SH-IND-FAC-TAY-WAREHOUSE,SH-IND-FAC-TAY-WAREHOUSE-B01,SH-IND-FAC-TAY-WAREHOUSE-B01-L01,SH-IND-FAC-TAY-WAREHOUSE-B01-L01-R06,Protected MHE service reserve,1365.674688,industrial,program_zone,0,0,0,0,0,,0,,geospatial/facilities/source/industrial_facilities.json
SH-IND-FAC-TAY-TRUCK,SH-IND-FAC-TAY-TRUCK-B01,SH-IND-FAC-TAY-TRUCK-B01-L01,SH-IND-FAC-TAY-TRUCK-B01-L01-R01,Drive-through inspection reserve,630,industrial,program_zone,0,0,0,0,0,,0,,geospatial/facilities/source/industrial_facilities.json
SH-IND-FAC-TAY-TRUCK,SH-IND-FAC-TAY-TRUCK-B01,SH-IND-FAC-TAY-TRUCK-B01-L01,SH-IND-FAC-TAY-TRUCK-B01-L01-R02,Dispatch and driver check-in,108,staff,program_zone,2,0,0,0,0,,0,,geospatial/facilities/source/industrial_facilities.json
SH-IND-FAC-TAY-TRUCK,SH-IND-FAC-TAY-TRUCK-B01,SH-IND-FAC-TAY-TRUCK-B01-L01,SH-IND-FAC-TAY-TRUCK-B01-L01-R03,Driver welfare,72,staff,program_zone,0,0,0,0,6,,0,,geospatial/facilities/source/industrial_facilities.json
SH-IND-FAC-TAY-TRUCK,SH-IND-FAC-TAY-TRUCK-B01,SH-IND-FAC-TAY-TRUCK-B01-L01,SH-IND-FAC-TAY-TRUCK-B01-L01-R04,Parts and mechanic work,72,industrial,program_zone,0,0,0,0,0,,0,,geospatial/facilities/source/industrial_facilities.json
SH-IND-FAC-RAW-WAREHOUSE,SH-IND-FAC-RAW-WAREHOUSE-B01,SH-IND-FAC-RAW-WAREHOUSE-B01-L01,SH-IND-FAC-RAW-WAREHOUSE-B01-L01-R01,Pallet storage zone,3623.2185600000003,industrial,program_zone,0,0,0,0,0,,0,,geospatial/facilities/source/industrial_facilities.json
SH-IND-FAC-RAW-WAREHOUSE,SH-IND-FAC-RAW-WAREHOUSE-B01,SH-IND-FAC-RAW-WAREHOUSE-B01-L01,SH-IND-FAC-RAW-WAREHOUSE-B01-L01-R02,Receiving and quarantine,696.7728000000001,industrial,program_zone,0,0,0,0,0,,0,,geospatial/facilities/source/industrial_facilities.json
SH-IND-FAC-RAW-WAREHOUSE,SH-IND-FAC-RAW-WAREHOUSE-B01,SH-IND-FAC-RAW-WAREHOUSE-B01-L01,SH-IND-FAC-RAW-WAREHOUSE-B01-L01-R03,Order assembly and dispatch,696.7728000000001,industrial,program_zone,0,0,0,0,0,,0,,geospatial/facilities/source/industrial_facilities.json
SH-IND-FAC-RAW-WAREHOUSE,SH-IND-FAC-RAW-WAREHOUSE-B01,SH-IND-FAC-RAW-WAREHOUSE-B01-L01,SH-IND-FAC-RAW-WAREHOUSE-B01-L01-R04,Customer support,348.38640000000004,staff,program_zone,1,0,0,0,0,,0,,geospatial/facilities/source/industrial_facilities.json
SH-IND-FAC-RAW-WAREHOUSE,SH-IND-FAC-RAW-WAREHOUSE-B01,SH-IND-FAC-RAW-WAREHOUSE-B01-L01,SH-IND-FAC-RAW-WAREHOUSE-B01-L01-R05,Welfare reserve,418.06368,staff,program_zone,0,0,0,0,2,,0,,geospatial/facilities/source/industrial_facilities.json
SH-IND-FAC-RAW-WAREHOUSE,SH-IND-FAC-RAW-WAREHOUSE-B01,SH-IND-FAC-RAW-WAREHOUSE-B01-L01,SH-IND-FAC-RAW-WAREHOUSE-B01-L01-R06,Protected MHE service reserve,487.74096,industrial,program_zone,0,0,0,0,0,,0,,geospatial/facilities/source/industrial_facilities.json
SH-IND-FAC-ARU-OFFICE,SH-IND-FAC-ARU-OFFICE-B01,SH-IND-FAC-ARU-OFFICE-B01-L01,SH-IND-FAC-ARU-OFFICE-B01-L01-R01,Customer and operations desk,96,staff,program_zone,4,0,0,0,0,,0,,geospatial/facilities/source/industrial_facilities.json
SH-IND-FAC-ARU-OFFICE,SH-IND-FAC-ARU-OFFICE-B01,SH-IND-FAC-ARU-OFFICE-B01-L01,SH-IND-FAC-ARU-OFFICE-B01-L01-R02,Finance and administration,96,staff,program_zone,4,0,0,0,0,,0,,geospatial/facilities/source/industrial_facilities.json
SH-IND-FAC-ARU-OFFICE,SH-IND-FAC-ARU-OFFICE-B01,SH-IND-FAC-ARU-OFFICE-B01-L01,SH-IND-FAC-ARU-OFFICE-B01-L01-R03,Operating leadership,96,staff,program_zone,2,0,0,0,0,,0,,geospatial/facilities/source/industrial_facilities.json
SH-IND-FAC-ARU-OFFICE,SH-IND-FAC-ARU-OFFICE-B01,SH-IND-FAC-ARU-OFFICE-B01-L01,SH-IND-FAC-ARU-OFFICE-B01-L01-R04,Customer / team meeting,144,staff,program_zone,0,0,0,0,10,,0,,geospatial/facilities/source/industrial_facilities.json
SH-IND-FAC-ARU-OFFICE,SH-IND-FAC-ARU-OFFICE-B01,SH-IND-FAC-ARU-OFFICE-B01-L01,SH-IND-FAC-ARU-OFFICE-B01-L01-R05,Records and quiet work,96,staff,program_zone,0,2,0,0,0,,0,,geospatial/facilities/source/industrial_facilities.json
SH-IND-FAC-ARU-OFFICE,SH-IND-FAC-ARU-OFFICE-B01,SH-IND-FAC-ARU-OFFICE-B01-L01,SH-IND-FAC-ARU-OFFICE-B01-L01-R06,Wet and service reserve,48,service,program_zone,0,0,0,0,0,,0,,geospatial/facilities/source/industrial_facilities.json
SH-SITE-0003,SH-FAC-FORT-BIG,SH-FAC-FORT-BIG-L01,SH-FAC-FORT-BIG-L01-R01,Prototype fabrication and integration,243.0,restricted,program_zone,0,0,0,0,0,,0,8,geospatial/facilities/source/research_campuses.json
SH-SITE-0003,SH-FAC-FORT-BIG,SH-FAC-FORT-BIG-L01,SH-FAC-FORT-BIG-L01-R02,Instrumented test hall,243.0,restricted,program_zone,0,0,0,0,0,,0,6,geospatial/facilities/source/research_campuses.json
SH-SITE-0003,SH-FAC-FORT-BIG,SH-FAC-FORT-BIG-L01,SH-FAC-FORT-BIG-L01-R03,Controls and measurement benches,162.0,restricted,program_zone,4,0,0,0,0,,0,4,geospatial/facilities/source/research_campuses.json
SH-SITE-0003,SH-FAC-FORT-BIG,SH-FAC-FORT-BIG-L01,SH-FAC-FORT-BIG-L01-R04,Instrumentation clean benches,162.0,restricted,program_zone,0,0,0,0,0,,0,4,geospatial/facilities/source/research_campuses.json
SH-SITE-0003,SH-FAC-FORT-BIG,SH-FAC-FORT-BIG-L01,SH-FAC-FORT-BIG-L01-R05,RF and communications bench work,162.0,restricted,program_zone,0,0,0,0,0,,0,4,geospatial/facilities/source/research_campuses.json
SH-SITE-0003,SH-FAC-FORT-BIG,SH-FAC-FORT-BIG-L01,SH-FAC-FORT-BIG-L01-R06,Research write-up and data review,162.0,staff,program_zone,8,0,0,0,0,,0,0,geospatial/facilities/source/research_campuses.json
SH-SITE-0003,SH-FAC-FORT-BIG,SH-FAC-FORT-BIG-L01,SH-FAC-FORT-BIG-L01-R07,Experiment readiness and debrief,162.0,staff,program_zone,0,0,0,0,12,,0,0,geospatial/facilities/source/research_campuses.json
SH-SITE-0003,SH-FAC-FORT-SMALL,SH-FAC-FORT-SMALL-L01,SH-FAC-FORT-SMALL-L01-R01,Visitor reception and project coordination,126.0,staff,program_zone,2,0,2,0,0,,0,0,geospatial/facilities/source/research_campuses.json
SH-SITE-0003,SH-FAC-FORT-SMALL,SH-FAC-FORT-SMALL-L01,SH-FAC-FORT-SMALL-L01-R02,Laboratory administration,126.0,staff,program_zone,4,0,0,0,0,,0,0,geospatial/facilities/source/research_campuses.json
SH-SITE-0003,SH-FAC-FORT-SMALL,SH-FAC-FORT-SMALL-L01,SH-FAC-FORT-SMALL-L01-R03,Working discussion and visitor briefing,126.0,staff,program_zone,0,0,0,0,10,,0,0,geospatial/facilities/source/research_campuses.json
SH-SITE-0003,SH-FAC-FORT-SMALL,SH-FAC-FORT-SMALL-L01,SH-FAC-FORT-SMALL-L01-R04,Staff meal and break room,126.0,staff,program_zone,0,0,0,0,10,,0,0,geospatial/facilities/source/research_campuses.json
SH-SITE-0003,SH-FAC-FORT-SMALL,SH-FAC-FORT-SMALL-L02,SH-FAC-FORT-SMALL-L02-R01A,Guest room 1,42.0,residential,program_zone,0,0,0,0,0,,1,0,geospatial/facilities/source/research_campuses.json
SH-SITE-0003,SH-FAC-FORT-SMALL,SH-FAC-FORT-SMALL-L02,SH-FAC-FORT-SMALL-L02-R01B,Guest room 2,42.0,residential,program_zone,0,0,0,0,0,,1,0,geospatial/facilities/source/research_campuses.json
SH-SITE-0003,SH-FAC-FORT-SMALL,SH-FAC-FORT-SMALL-L02,SH-FAC-FORT-SMALL-L02-R02A,Guest room 3,42.0,residential,program_zone,0,0,0,0,0,,1,0,geospatial/facilities/source/research_campuses.json
SH-SITE-0003,SH-FAC-FORT-SMALL,SH-FAC-FORT-SMALL-L02,SH-FAC-FORT-SMALL-L02-R02B,Guest room 4,42.0,residential,program_zone,0,0,0,0,0,,1,0,geospatial/facilities/source/research_campuses.json
SH-SITE-0003,SH-FAC-FORT-SMALL,SH-FAC-FORT-SMALL-L02,SH-FAC-FORT-SMALL-L02-R03A,Guest room 5,42.0,residential,program_zone,0,0,0,0,0,,1,0,geospatial/facilities/source/research_campuses.json
SH-SITE-0003,SH-FAC-FORT-SMALL,SH-FAC-FORT-SMALL-L02,SH-FAC-FORT-SMALL-L02-R03B,Guest room 6,42.0,residential,program_zone,0,0,0,0,0,,1,0,geospatial/facilities/source/research_campuses.json
SH-SITE-0003,SH-FAC-FORT-SMALL,SH-FAC-FORT-SMALL-L02,SH-FAC-FORT-SMALL-L02-R04,Guest lounge and quiet work,126.0,residential,program_zone,0,0,4,0,6,,0,0,geospatial/facilities/source/research_campuses.json
SH-SITE-0003,SH-FAC-FORT-SMALL,SH-FAC-FORT-SMALL-L02,SH-FAC-FORT-SMALL-L02-R05,"Linen, laundry and guest support",126.0,residential,program_zone,0,0,0,0,0,,0,0,geospatial/facilities/source/research_campuses.json
SH-SITE-0003,SH-FAC-FORT-WHITE,SH-FAC-FORT-WHITE-L01,SH-FAC-FORT-WHITE-L01-R01,Receiving inspection and identification,126.0,restricted,program_zone,0,0,0,0,0,,0,4,geospatial/facilities/source/research_campuses.json
SH-SITE-0003,SH-FAC-FORT-WHITE,SH-FAC-FORT-WHITE-L01,SH-FAC-FORT-WHITE-L01-R02,Quarantine and release hold,126.0,restricted,program_zone,0,0,0,0,0,,0,0,geospatial/facilities/source/research_campuses.json
SH-SITE-0003,SH-FAC-FORT-WHITE,SH-FAC-FORT-WHITE-L01,SH-FAC-FORT-WHITE-L01-R03,Controlled sample and equipment storage,126.0,restricted,program_zone,0,0,0,0,0,,0,0,geospatial/facilities/source/research_campuses.json
SH-SITE-0003,SH-FAC-FORT-WHITE,SH-FAC-FORT-WHITE-L01,SH-FAC-FORT-WHITE-L01-R04,Field gear staging and dispatch,126.0,restricted,program_zone,2,0,0,0,0,,0,4,geospatial/facilities/source/research_campuses.json
SH-SITE-0005,SH-SITE-0005-B01,SH-SITE-0005-B01-L01,SH-SITE-0005-B01-L01-R01,Sample preparation and chain of custody,126.0,restricted,program_zone,0,0,0,0,0,,0,4,geospatial/facilities/source/research_campuses.json
SH-SITE-0005,SH-SITE-0005-B01,SH-SITE-0005-B01-L01,SH-SITE-0005-B01-L01-R02,Analytical and characterization benches,126.0,restricted,program_zone,0,0,0,0,0,,0,6,geospatial/facilities/source/research_campuses.json
SH-SITE-0005,SH-SITE-0005-B01,SH-SITE-0005-B01-L01,SH-SITE-0005-B01-L01-R03,Process-development bench studies,126.0,restricted,program_zone,0,0,0,0,0,,0,4,geospatial/facilities/source/research_campuses.json
SH-SITE-0005,SH-SITE-0005-B01,SH-SITE-0005-B01-L01,SH-SITE-0005-B01-L01-R04,Genealogy review and operator support,126.0,staff,program_zone,4,0,0,0,8,,0,0,geospatial/facilities/source/research_campuses.json
SH-SITE-0005,SH-SITE-0005-B02,SH-SITE-0005-B02-L01,SH-SITE-0005-B02-L01-R01,Field-unit assembly and integration,243.0,restricted,program_zone,0,0,0,0,0,,0,6,geospatial/facilities/source/research_campuses.json
SH-SITE-0005,SH-SITE-0005-B02,SH-SITE-0005-B02-L01,SH-SITE-0005-B02-L01-R02,Returned-module isolation and inspection,243.0,restricted,program_zone,0,0,0,0,0,,0,4,geospatial/facilities/source/research_campuses.json
SH-SITE-0005,SH-SITE-0005-B02,SH-SITE-0005-B02-L01,SH-SITE-0005-B02-L01-R03,Maintenance and refurbishment work,243.0,restricted,program_zone,0,0,0,0,0,,0,4,geospatial/facilities/source/research_campuses.json
SH-SITE-0005,SH-SITE-0005-B02,SH-SITE-0005-B02-L01,SH-SITE-0005-B02-L01-R04,Failure review and deployment preparation,243.0,staff,program_zone,2,0,0,8,0,,0,0,geospatial/facilities/source/research_campuses.json
SH-SITE-0005,SH-SITE-0005-B03,SH-SITE-0005-B03-L01,SH-SITE-0005-B03-L01-R01,Controlled intermediate preparation,126.0,restricted,program_zone,0,0,0,0,0,,0,4,geospatial/facilities/source/research_campuses.json
SH-SITE-0005,SH-SITE-0005-B03,SH-SITE-0005-B03-L01,SH-SITE-0005-B03-L01-R02,Blending and upgrading work envelope,126.0,restricted,program_zone,0,0,0,0,0,,0,4,geospatial/facilities/source/research_campuses.json
SH-SITE-0005,SH-SITE-0005-B03,SH-SITE-0005-B03-L01,SH-SITE-0005-B03-L01-R03,Batch verification and product sampling,126.0,restricted,program_zone,0,0,0,0,0,,0,4,geospatial/facilities/source/research_campuses.json
SH-SITE-0005,SH-SITE-0005-B03,SH-SITE-0005-B03-L01,SH-SITE-0005-B03-L01-R04,Operating records and local supervision,126.0,staff,program_zone,2,0,0,0,0,,0,0,geospatial/facilities/source/research_campuses.json
SH-SITE-0005,SH-SITE-0005-B04,SH-SITE-0005-B04-L01,SH-SITE-0005-B04-L01-R01,"Receipt, identification and held lots",126.0,restricted,program_zone,0,0,0,0,0,,0,4,geospatial/facilities/source/research_campuses.json
SH-SITE-0005,SH-SITE-0005-B04,SH-SITE-0005-B04-L01,SH-SITE-0005-B04-L01-R02,Controlled intermediate storage,126.0,restricted,program_zone,0,0,0,0,0,,0,0,geospatial/facilities/source/research_campuses.json
SH-SITE-0005,SH-SITE-0005-B04,SH-SITE-0005-B04-L01,SH-SITE-0005-B04-L01-R03,Released product and outbound staging,126.0,restricted,program_zone,0,0,0,0,0,,0,4,geospatial/facilities/source/research_campuses.json
SH-SITE-0005,SH-SITE-0005-B04,SH-SITE-0005-B04-L01,SH-SITE-0005-B04-L01-R04,Logistics and custody records,126.0,staff,program_zone,2,0,0,0,0,,0,0,geospatial/facilities/source/research_campuses.json
SH-SITE-0030,SH-SITE-0030-B01,SH-SITE-0030-B01-L01,SH-SITE-0030-B01-L01-R01,Conventional hall,222.967296,UNESTABLISHED,program_zone,,,,,,,,,geospatial/facilities/RUNTIME_BRIDGE.json
SH-SITE-0030,SH-SITE-0030-B01,SH-SITE-0030-B01-L01,SH-SITE-0030-B01-L01-R02,Electrical / UPS,157.935168,UNESTABLISHED,program_zone,,,,,,,,,geospatial/facilities/RUNTIME_BRIDGE.json
SH-SITE-0030,SH-SITE-0030-B01,SH-SITE-0030-B01-L01,SH-SITE-0030-B01-L01-R03,Network A,27.870912000000004,UNESTABLISHED,program_zone,,,,,,,,,geospatial/facilities/RUNTIME_BRIDGE.json
SH-SITE-0030,SH-SITE-0030-B01,SH-SITE-0030-B01-L01,SH-SITE-0030-B01-L01-R04,Receiving / quarantine,74.32243200000002,UNESTABLISHED,program_zone,,,,,,,,,geospatial/facilities/RUNTIME_BRIDGE.json
SH-SITE-0030,SH-SITE-0030-B01,SH-SITE-0030-B01-L01,SH-SITE-0030-B01-L01-R05,AI hall,167.225472,UNESTABLISHED,program_zone,,,,,,,,,geospatial/facilities/RUNTIME_BRIDGE.json
SH-SITE-0030,SH-SITE-0030-B01,SH-SITE-0030-B01-L01,SH-SITE-0030-B01-L01-R06,Mechanical / CDU,111.483648,UNESTABLISHED,program_zone,,,,,,,,,geospatial/facilities/RUNTIME_BRIDGE.json
SH-SITE-0030,SH-SITE-0030-B01,SH-SITE-0030-B01-L01,SH-SITE-0030-B01-L01-R07,NOC / incident,65.032128,UNESTABLISHED,program_zone,,,,,,,,,geospatial/facilities/RUNTIME_BRIDGE.json
SH-SITE-0030,SH-SITE-0030-B01,SH-SITE-0030-B01-L01,SH-SITE-0030-B01-L01-R08,Spares / media,51.09667200000001,UNESTABLISHED,program_zone,,,,,,,,,geospatial/facilities/RUNTIME_BRIDGE.json
SH-SITE-0030,SH-SITE-0030-B01,SH-SITE-0030-B01-L01,SH-SITE-0030-B01-L01-R09,Lobby / mantrap,32.516064,UNESTABLISHED,program_zone,,,,,,,,,geospatial/facilities/RUNTIME_BRIDGE.json
SH-SITE-0030,SH-SITE-0030-B01,SH-SITE-0030-B01-L01,SH-SITE-0030-B01-L01-R10,Key room,23.225759999999998,UNESTABLISHED,program_zone,,,,,,,,,geospatial/facilities/RUNTIME_BRIDGE.json
SH-SITE-0030,SH-SITE-0030-B01,SH-SITE-0030-B01-L01,SH-SITE-0030-B01-L01-R11,Network B,27.870912000000004,UNESTABLISHED,program_zone,,,,,,,,,geospatial/facilities/RUNTIME_BRIDGE.json
